SMILES,mean
CC(CCCC(CCCC(CCCC1(Oc(c2CC1)c(C)c(C)c(O)c2C)C)C)C)C,0.0
CON=C(c1nc(N)sc1)C(NC2C(=O)N(C23)C(C(O)=O)=CCS3)=O,1.0
ClCc1ccccc1,1.0
NC(C=CN(C1C(O)C(O)C(CO)O1)C2=O)=N2,1.0
CCOC(CC(C(OCC)=O)SP(OC)(OC)=S)=O,0.0
C(c1ccccc1)C(NCC2)=N2,1.0
COc1c(c2ccc1)C(=O)c(c3C2=O)c(O)c(c4c3O)C(OC5OC(C)C(O)C(N)C5)CC(C(CO)=O)(O)C4,1.0
CCO,1.0
NC(c1nn(C2C(O)C(O)C(CO)O2)cn1)=O,0.0
CC(OP(OC(C)C)(F)=O)C,0.0
NCCS,1.0
CC1(CCCCC1)COc2ccc(CC3C(=O)NC(=O)S3)cc2,1.0
CC(COCC(N1CCCC1)CN(c2ccccc2)Cc3ccccc3)C,1.0
CC(C=CC(C(C)(C)CCC1)=C1C)=CC=CC(C)=CC(O)=O,1.0
CC(NCC(COc1c(N2CCOCC2)nsn1)O)(C)C,1.0
CN(CCC(c1ncccc1)c2ccc(Br)cc2)C,0.0
CCOC(C(NC(C(N(C1Cc(c2C1)cccc2)CC(O)=O)=O)C)CCc3ccccc3)=O,1.0
[O-][N+](c1ccc(C=NN2C(=O)NC(=O)C2)o1)=O,1.0
CN1S(=O)(=O)c(c2C(O)=C1C(Nc3noc(C)c3)=O)cccc2,0.0
CON=C(c1nc(N)sc1)C(NC2C(=O)N(C23)C(C(O)=O)=C(CSc4n(C)nnn4)CS3)=O,1.0
CCCNCC(COc1c(C(CCc2ccccc2)=O)cccc1)O,0.0
CC(NCC(c1ccc(NS(C)(=O)=O)cc1)O)C,1.0
CNCCCC1c(c2C=Cc(c13)cccc3)cccc2,0.0
CC(C(O)=O)(Oc1ccc(C2C(Cl)(Cl)C2)cc1)C,1.0
COc1c(C(F)(F)F)c(c2cc1)cccc2C(N(CC(O)=O)C)=S,1.0
COc1c(OC)c(OC)cc(C(NCc2ccc(OCCN(C)C)cc2)=O)c1,1.0
Cc1n(CCO)c([N+]([O-])=O)cn1,0.0
CCOC(C(NC(C(N1C(C(O)=O)CCC1)=O)C)CCc2ccccc2)=O,1.0
C[N+](CCOC(N)=O)(C)C,0.0
Cc1n(CC2C(=O)c3c(n(C)c(c34)cccc4)CC2)ccn1,1.0
CC(NCC(COc1c(C)c(C)c(OC(C)=O)c(C)c1)O)C,0.0
CC1(CC(CC2C1)(N)CC3(C)C2)C3,0.0
ClC(C(C(Cl)(Cl)C12Cl)(Cl)C(C13)C4CC3C=C4)=C2Cl,1.0
CCN(C(C(C#N)=Cc1cc([N+]([O-])=O)c(O)c(O)c1)=O)CC,0.0
CC(OC(C(Oc1ccc(C(c2ccc(Cl)cc2)=O)cc1)(C)C)=O)C,1.0
CCN(C(N1CCN(C)CC1)=O)CC,1.0
CC(NC1C(O)C(OC2C(OS(O)(=O)=O)C(O)C(OC3C(NS(O)(=O)=O)C(OS(O)(=O)=O)C(OC4C(OS(O)(=O)=O)C(O)C(O)C(C(O)=O)O4)C(CO)O3)C(C(O)=O)O2)C(COS(O)(=O)=O)OC1O)=O,1.0
OC1C(O)C(O)C(O)C(O)C1O,0.0
CCCOC(CN1C=C(I)C(=O)C(I)=C1)=O,0.0
CC(C(O)=O)(Oc1ccc(CCNC(c2ccc(Cl)cc2)=O)cc1)C,0.0
CC(C=CC(C(C)(C)CCC1)=C1C)=CC=CC(C)=CC(Nc2ccc(O)cc2)=O,1.0
NCC(c1cc(O)c(O)cc1)O,0.0
CCCCC(COC(C=Cc1ccc(OC)cc1)=O)CC,1.0
C[Si](O[Si](O[Si](C)(C)C)(C)C)(C)C,0.0
NNCCc1ccccc1,0.0
COc1c(OC)cc(c2c1)C(Cc3cc(OC)c(OC)c(OC)c3)[N+](CCCOC(CCC=CCCC(OCCC[N+]4(C(Cc5cc(OC)c(OC)c(OC)c5)c(c6CC4)cc(OC)c(OC)c6)C)=O)=O)(C)CC2,0.0
COc1c(C2(CC3C4)CC(CC4C2)C3)cc(c5cc(c6cc5)ccc(C(O)=O)c6)cc1,0.0
NC(NC(c1ccccc1)=C(Br)C2=O)=N2,1.0
OC(COc1c(Cl)c(Cl)c(C(c2sccc2)=O)cc1)=O,1.0
CC(c1cc(C(C#N)(C)C)cc(Cn2ncnc2)c1)(C#N)C,1.0
ClCC(CBr)Br,1.0
CCC(N(c1ccccc1)C2CCN(CCc3ccccc3)CC2)=O,0.0
N#Cc1ccc(C(n2ncnc2)c3ccc(C#N)cc3)cc1,1.0
CC(c1cc(F)c(c2ccccc2)cc1)C(O)=O,1.0
ClCC=CCl,1.0
NC1C(=O)NOC1,1.0
CCC(c1cc(c2cc1)N(CC(N(C)C)C)c(c3S2)cccc3)=O,0.0
CCOC(C(NC(C(N1C(C(O)=O)CC(C12)CCCC2)=O)C)CCc3ccccc3)=O,0.0
CN(CCN(c1ncccc1)Cc2ccccc2)C,1.0
COCCCOc1c(OC)ccc(CC(C(C)C)CC(C(CC(C(NCC(C(N)=O)(C)C)=O)C(C)C)O)N)c1,0.0
CN(CCc1c(c2[nH]c1)cc(CS(N3CCCC3)(=O)=O)cc2)C,0.0
CN1C(C=Cc2sccc2)=NCCC1,0.0
Cn1c(Sc2c(c3ncn2)[nH]cn3)c([N+](=O)[O-])nc1,1.0
CC1N(c2c(C)cccc2)C(=O)c(c3N1)cc(S(N)(=O)=O)c(Cl)c3,1.0
CCCCCC(C=CC1C(CC=CCCCC(O)=O)C(O)CC1O)O,0.0
OC(CN(CC(N(CC(O)=O)CC(O)=O)COP(OC1CCC(c2ccccc2)(c3ccccc3)CC1)(O)=O)CCN(CC(O)=O)CC(O)=O)=O,1.0
CC(NC1C(OC2C(O)C(O)C(O)C(C(O)=O)O2)C(OS(O)(=O)=O)C(CO)OC1O)=O,1.0
OCC1C(O)C(O)C(O)C(OCC2C(O)C(O)C(O)C(OCC(C(C(C(C=O)O)O)O)O)O2)O1,1.0
CC(N(C)C)CN1c(c2Sc(c13)cccc3)cccc2,0.0
CC(CC(B(O)O)NC(C(NC(c1nccnc1)=O)Cc2ccccc2)=O)C,1.0
CCC(C(c1c(Cl)c(Cl)c(OCC(O)=O)cc1)=O)=C,1.0
COc1c(OC)cc(c2c1)C(N3CC2)CC(=O)C(CC(C)C)C3,0.0
OC(CCCCC1C(C2CS1)NC(=O)N2)=O,0.0
CCN(CCCC(Nc1c(c2ncc1)ccc(Cl)c2)C)CCO,0.0
Nc1ccc(S(Nc2sccn2)(=O)=O)cc1,1.0
NS(Cc1c(c2on1)cccc2)(=O)=O,1.0
CCN(CCOc1c(OCCN(CC)CC)c(OCCN(CC)CC)ccc1)CC,0.0
CCN(CC(Nc1c(C)cccc1C)=O)CC,0.0
NC(OC(c1ccccc1)C2=O)=N2,1.0
C1[n+](c2c([n+]3C1)cccc3)cccc2,1.0
CCCC1(OC(O)=C(C(c2cc(NS(c3ncc(C(F)(F)F)cc3)(=O)=O)ccc2)CC)C(=O)C1)CCc4ccccc4,1.0
CS(c1ccc(C(COC2=O)=C2c3ccccc3)cc1)(=O)=O,1.0
Clc1cc(c2cc1)NC(=O)O2,1.0
CN1C(CCN2c(c3Sc(c24)cccc4)cc(S(C)=O)cc3)CCCC1,1.0
CC(C(c1c(F)cc(F)cc1)(Cn2ncnc2)O)c3c(F)cncn3,1.0
CN(c1nc(N(C)C)nc(N(C)C)n1)C,1.0
CNC(C(C(C)(C)C)NC(C(C(C(NO)=O)O)CC(C)C)=O)=O,1.0
Cc1ccc(O)cc1,1.0
CCc1nccc(C(N)=S)c1,1.0
CCC(C(N)=O)N1C(=O)CCC1,1.0
Cc1c(C(NC2C(=O)N(C23)C(C(O)=O)C(C)(C)S3)=O)c(c4ccccc4)no1,1.0
C(c1ccco1)Nc2c(c3ncn2)[nH]cn3,0.0
OC1(c2cc(C(F)(F)F)c(Cl)cc2)CCN(CCCC(c3ccc(F)cc3)c4ccc(F)cc4)CC1,0.0
Oc1ccc(C2(c3ccc(O)cc3)c(c4NC2=O)cccc4)cc1,1.0
CN1CC(CN2c(c3Sc(c24)cccc4)cccc3)CC1,1.0
CCN(CC#CCOC(C(c1ccccc1)(C2CCCCC2)O)=O)CC,0.0
CCC1C(CC(C(c2c(c3ncc2)cc(OC)cc3)O)N4C1)CC4,1.0
NCC1C(O)C(O)C(N)C(OC2C(CO)OC(OC3C(OC4C(N)C(O)C(O)C(CO)O4)C(N)CC(N)C3O)C2O)O1,0.0
CCOC(C(Oc1ccc(Cl)cc1)(C)C)=O,1.0
C1N(CN2C3)CN(CN13)C2,1.0
CNC1C(O)C(C2C(NC)C1O)OC3C(C(=O)CC(C)O3)(O)O2,0.0
COc1c(OC)cc(c2c1)c(N)nc(N3CCN(C(C4OCCC4)=O)CC3)n2,0.0
CN(C1C(=O)C(=C(O)N)C(=O)C(O)(C12)C(=O)C(=C3O)C(C(O)(C)c(c34)c(Cl)ccc4O)C2)C,1.0
COC1C(C)(C)OC(Oc2c(C)c(c3cc2)OC(O)=C(NC(c4cc(CC=C(C)C)c(O)cc4)=O)C3=O)C(O)C1OC(N)=O,1.0
COc1c(OC)c(OC)cc(Cc2c(N)nc(N)nc2)c1,1.0
CC(C(N1C(C(O)=O)CCC1)=O)CS,1.0
NC(C1N(C(C(NC(C2NC(=O)CC2)=O)Cc3[nH]cnc3)=O)CCC1)=O,0.0
CC1(C(C2CC3)C(O)CC(C)(C24)C(C(CO)=O)(O)CC4)C3=CC(=O)CC1,0.0
CC(Oc1ccc(C(c2ncccc2)c3ccc(OC(C)=O)cc3)cc1)=O,0.0
Oc1c([N+](=O)[O-])cc([N+](=O)[O-])cc1[N+](=O)[O-],1.0
CC(NCCOc1c(OCC(F)(F)F)cccc1)Cc2cc(C(N)=O)c(c3c2)N(CCCO)CC3,1.0
CN1S(=O)(=O)c(c2NC1CSCC(F)(F)F)cc(S(N)(=O)=O)c(Cl)c2,0.0
NCCCC(CC(NCC1C(=O)NC(=CNC(N)=O)C(=O)NC(C2NC(N)=NCC2)C(=O)NCC(N)C(=O)NC(CO)C(=O)N1)=O)N,0.0
CN1CCN(Cc2ccc(C(Nc3cc(Nc4nc(c5cnccc5)ccn4)c(C)cc3)=O)cc2)CC1,1.0
CN1CCC(Nc2nc(c3cn2)c(Nc4cc(Cl)c(F)cc4)ncn3)CC1,1.0
CCCCCCc1c(O)cc(O)cc1,0.0
CCC(C(OC1C(C2=CC(C)C1)C(CCC3OC(=O)CC(O)C3)C(C)C=C2)=O)C,0.0
NCC1C(O)CC(N)C(OC2C(O)C(OC3C(O)C(N)C(O)C(CO)O3)C(N)CC2N)O1,1.0
CC(NN)COc1ccccc1,1.0
OCC1C(O)C(F)C(N2C(=O)NC(=O)C(I)=C2)O1,1.0
CC(OC1C(N2CC[N+](C)(C)CC2)CC(C)(C3C1)C4C(C5C(C(OC(C)=O)C(N6CC[N+](C)(C)CC6)C5)(C)CC4)CC3)=O,0.0
CC(C1C(C)(C2CC1)CCC(C23)C(C)(C4CC3O)CCC(O)C4)CCC(O)=O,1.0
CCC#CC(C1(C(=O)N(C)C(=O)NC1=O)CC=C)C,1.0
CCC(OC1C(OC)C(OC2C(O)C(N(C)C)C(OC3OC(C)C(OC(CC)=O)C(OC(C)=O)(C)C3)C(C)O2)C(CC=O)CC(C)C(OC(C)=O)C=CC=CCC(C)OC(=O)C1)=O,0.0
CC1(C(O)CC2)C2C3C(c(c4CC3CCCCCCCCCS(CCCC(C(F)(F)F)(F)F)=O)ccc(O)c4)CC1,0.0
CC(NC(C(CCCCN)N)=O)Cc1ccccc1,0.0
NCCNC(c1ncc(Cl)cc1)=O,1.0
CSCCC(C(O)=O)N,0.0
CN1CCC(=C2c(c3C=Cc(c24)cccc4)cccc3)CC1,1.0
COc1cc(C(CNC(CN)=O)O)c(OC)cc1,0.0
CC(C(C)(C)C)N=C(Nc1ccncc1)NC#N,0.0
[Li+],0.0
COc1c(S(O)(=O)=O)cc(C(c2ccccc2)=O)c(O)c1,0.0
C[N+]1(C(C2(O)C(c(c3O4)c5ccc3O)(C4C(=O)CC2)CC1)C5)CC6CC6,0.0
CCCCCc1cc(c2c(O)c1)OC(C)(C)C(C23)CCC(C)=C3,0.0
CCC1(C(=O)NC(=O)C1)C,1.0
CN(Cc1ccccc1)CC#C,0.0
CC(NCC(c1cc(C(N)=O)c(O)cc1)O)CCc2ccccc2,1.0
CC1C(C(CCl)=O)(O)C(C)(C2C1)CC(O)C(Cl)(C23)C(C)(C(=C4)CC3)C=CC4=O,0.0
CN(C1C(=O)C(=C(O)N)C(=O)C(O)(C12)C(=O)C(C3C2)=C(O)c(c4C3)c(O)ccc4N(C)C)C,1.0
COc1c(c2ccc1)C(=O)c(c3C2=O)c(O)c(c4c3O)C(OC5OC(C)C(O)C(N)C5)CC(C(C)=O)(O)C4,0.0
ClC1C2C(C(C(Cl)(Cl)C23Cl)(Cl)C(Cl)=C3Cl)C=C1,1.0
CN(c1sc(C(NC(C(O)=O)CCC(O)=O)=O)cc1)Cc2cc(c3cc2)C(=O)N=C(C)N3,1.0
OCCN1CCN(CCCN2c(c3C=Cc(c24)cccc4)cccc3)CC1,1.0
BrCCBr,1.0
CN1C(C)=C(O)C(=O)C=C1,1.0
Clc1c(Cl)c(c2cc1)CN(C(=N3)N2)CC3=O,0.0
OC(c1cc(O)c(O)cc1)CNCCCCc2ccc(O)cc2,0.0
CNC(c1nccc(Oc2ccc(NC(Nc3cc(C(F)(F)F)c(Cl)cc3)=O)cc2)c1)=O,1.0
CC(C(=O)NC(=O)N1C2OC(CO)C(N=N#N)C2)=C1,1.0
CCOC(OC(OC(C1C(C)(C)SC2N1C(=O)C2NC(C(c3ccccc3)N)=O)=O)C)=O,0.0
NC1(CC2C3)CC(CC3C1)C2,0.0
O=C(NCc1ccccc1)CCNNC(c2ccncc2)=O,1.0
NC(N)=NN=Cc1c(Cl)cccc1Cl,1.0
O=C1NCCCCC1,1.0
CN(CCC=C1c(c2C=Cc(c13)cccc3)cccc2)C,1.0
CC(OCC(NCCCOc1cc(CN2CCCCC2)ccc1)=O)=O,1.0
Nc1c2c(n(CCOCP(O)(O)=O)cn2)ncn1,1.0
O=C1NC(=O)C(=O)C(=O)N1,0.0
CCCCCCCCC=CCCCCCCCC(O)=O,0.0
CN1CCN(CCCN2c(c3Sc(c24)cccc4)cc(C(F)(F)F)cc3)CC1,1.0
CC1(OC(=O)CC2)C2C3C(C(C)(C(=C4)CC3)C=CC4=O)CC1,0.0
NC(NC(=O)N=C1)=C1F,1.0
OC(c1ccc(N2C(=C3C(=O)C=CC=C3)NC(=C4C(=O)C=CC=C4)N2)cc1)=O,1.0
COc1c(OCC(COC(N)=O)O)cccc1,0.0
CC1(C(=O)CC2)C2C3C(C(C)(C(=C4O)CC3)CCC4=O)CC1,0.0
CN1CC2N(c(c3Cc(c24)cccc4)cccc3)CC1,1.0
CCCOc1cc(c2cc1)[nH]c(NC(OC)=O)n2,1.0
COc1ccc(C(Cl)=C(c2ccc(OC)cc2)c3ccc(OC)cc3)cc1,0.0
CC(Cc1ccc(CC(O)=O)cc1)C,1.0
COC1(C(COC(N)=O)C2=C3C(=O)C(C)=C(N)C2=O)N3CC(C14)N4,0.0
Nc1ccc(S(NC(c2ccccc2)=O)(=O)=O)cc1,0.0
ClC1(C(C(Cl)(C2(Cl)C3=O)C45Cl)(Cl)C2(C(Cl)(C34Cl)C15Cl)Cl)Cl,1.0
CC(c1cc(C(F)(F)F)cc(C(F)(F)F)c1)OC2C(c3ccc(F)cc3)N(CC(NN(P(O)(O)=O)C4=O)=N4)CCO2,1.0
OC(c1c(O)cccc1)=O,0.0
Nc1cc(Cl)c(NC(NCC2)=N2)c(Cl)c1,0.0
Oc1c(c(C(C(O)(C2C3)CCC4=O)(C45)CCN2CC=C)c3cc1)O5,0.0
CC1(C(=O)CC2)C2C3C(C(C)(C(=C4)C(=C)C3)C=CC4=O)CC1,1.0
COc1c(c(C(C(O)(C2C3)CCC4=O)(C45)CCN2C)c3cc1)O5,0.0
Clc1c(NC(NCC2)=N2)c(Cl)ccc1,1.0
COc1c(c2cc(F)c1N3CC(C4C3)NCCC4)N(C5CC5)C=C(C(O)=O)C2=O,1.0
CNCCC(c1ccccc1)Oc2c(C)cccc2,1.0
FC(C1(C#CC2CC2)c(c3NC(=O)O1)cc(Cl)cc3)(F)F,1.0
CC(c1cc(c2cc1)N(CCCN3CCN(CCO)CC3)c(c4S2)cccc4)=O,1.0
OS(CCS)(=O)=O,0.0
NCCCCC(C(N1C(C(O)=O)CCC1)=O)NC(C(O)=O)CCc2ccccc2,1.0
CC(OC1C=C(C2CC1)CCC(C23)C4C(C(C#C)(OC(C)=O)CC4)(C)CC3)=O,1.0
CC1C(C)C(O)C(C)C=CC=CCCC=CC=CC=CC=CC(OC2C(O)C(N)C(O)C(C)O2)CC(OC3(O)CC(O)C(O)CCC(O)CC(O)CC(O)CC(=O)O1)C(C(O)=O)C(O)C3,0.0
OCCN1CCN(CCCN2c(c3Sc(c24)cccc4)cc(Cl)cc3)CC1,1.0
CCCC(C(O)=O)CCC,1.0
CC(N(c1c(I)c(C(NCC(CO)O)=O)c(I)c(C(NCC(CO)O)=O)c1I)CC(CN(c2c(I)c(C(NCC(CO)O)=O)c(I)c(C(NCC(CO)O)=O)c2I)C(C)=O)O)=O,0.0
CCC1(CN2CC(CC(c3c(OC)cc4c(C(C(N5CC=C6)C6(CC)C(OC(C)=O)C7(C(OC)=O)O)(C7N4C)CC5)c3)(C(OC)=O)c8c(c(c9[nH]8)cccc9)CC2)C1)O,0.0
COc1cc(OC)c(C=C2C(c3cnccc3)=NCCC2)cc1,1.0
CC(C=CC=C(C=CC(C(C)(C)CCC1)=C1C)C)=CC=CC=C(C=CC=C(C=CC(C(C)(C)CCC2)=C2C)C)C,0.0
Cc1c(CS(c2[nH]c(c3n2)cccc3)=O)nccc1OCC(F)(F)F,1.0
NCCCCC(C(NCC(N)=O)=O)NC(C1N(C(C2NC(=O)C(CC(N)=O)NC(=O)C(CCC(N)=O)NC(=O)C(Cc3ccccc3)NC(=O)C(Cc4ccc(O)cc4)NC(=O)C(N)CSSC2)=O)CCC1)=O,0.0
Oc1ccc(C2c(c3CCNC2)cc(O)c(O)c3Cl)cc1,1.0
COc1c(OC)cc(c2c1)c(N)nc(N3CCN(C(C4Oc(c5OC4)cccc5)=O)CC3)n2,1.0
CC(OC1C([N+]2(CCCCC2)C)CC(C)(C3C1)C4C(C5C(C(OC(C)=O)C([N+]6(CCCCC6)C)C5)(C)CC4)CC3)=O,1.0
CN1CCN(c2c(F)c(c3cc2F)N(CCF)C=C(C(O)=O)C3=O)CC1,1.0
CC(N(CCCCCNC(CCC(N(CCCCCNC(CCC(N(CCCCCN)O)=O)=O)O)=O)=O)O)=O,0.0
COCCOC(C(C(c1cc([N+]([O-])=O)ccc1)C(C(OC(C)C)=O)=C(C)N2)=C2C)=O,1.0
CCN1c(c2C(=O)C(C(O)=O)=C1)nc(N3CCNCC3)c(F)c2,1.0
Nc1cc([N+](=O)[O-])ccc1,1.0
NC(C(O)=O)Cc1ccc(N(CCCl)CCCl)cc1,1.0
NC1C(c2ccccc2)C1,0.0
CN(C=Nc1c(I)c(CCC(O)=O)c(I)cc1I)C,0.0
OC(CCCCCCNC1c(c2CCc(c13)cccc3)cccc2)=O,1.0
COCC(OC1(C(C(C)C)c(c2CC1)ccc(F)c2)CCN(CCCc3[nH]c(c4n3)cccc4)C)=O,0.0
CC1(c(c2N(CCCCS(O)(=O)=O)C1=CC=CC=CC=CC(C(C)(C)c(c34)c(c5cc3)cccc5)=[N+]4CCCCS(O)(=O)=O)c(c6cc2)cccc6)C,0.0
CC(C1C(C)(C2CC1)CCCC2=CC=C3C(=C)C(O)CC(O)C3)C=CC(C4CC4)O,0.0
CCC(NCCNC(CO)CC)CO,1.0
OC(C=CC(O)=O)=O,1.0
CCCCC1C(=O)N(c2ccccc2)N(c3ccccc3)C1=O,1.0
NC(N)=Nc1scc(CSCCC(N)=NS(N)(=O)=O)n1,0.0
OP(CN(CP(O)(O)=O)CCN(CP(O)(O)=O)CP(O)(O)=O)(O)=O,0.0
C[N+]1(CC(OC(C(c2ccccc2)(c3ccccc3)O)=O)C4CC1)CC4,0.0
COCCCCC(c1ccc(Cl)cc1)=NOCCN,1.0
CN(CC(c1ccc(Cl)cc1)=O)CCCN2c(c3CCc(c24)cccc4)cccc3,1.0
CC(C(C1NC2=C(NC(N)=NC2=O)NC1)O)O,0.0
FC(c1cc(Nc2c(C(OCCN3CCOCC3)=O)cccn2)ccc1)(F)F,0.0
Cn1c(c2nc1CCCC(O)=O)ccc(N(CCCl)CCCl)c2,0.0
Fc1ccc(C(c2ccc(F)cc2)CCCN3CCC4(C(=O)NCN4c5ccccc5)CC3)cc1,1.0
COc1ccc(C(C2(CCCCC2)O)CN(C)C)cc1,1.0
OCC(C(c1ccc([N+](=O)[O-])cc1)O)NC(C(Cl)Cl)=O,1.0
Nc1scc(C(C(NC2C(=O)N(C23)C(C(O)=O)=C(C=C)CS3)=O)=NO)n1,1.0
C(C1NCCCC1)C(C2CCCCC2)C3CCCCC3,1.0
C[N+](C1CC(OC(C(c2ccccc2)CO)=O)C3)(C3C(C14)O4)C,0.0
COc1c(O)c(OC)cc(C2c(c3C(OC4C(O)C(O)C(C5O4)OC(c6sccc6)OC5)C7C2C(=O)OC7)cc(c8c3)OCO8)c1,1.0
CC(C1(CC2C3)CC(CC3C1)C2)N,0.0
CC(CC(C(NC(C(N1C(C(NNC(N)=O)=O)CCC1)=O)CCCN=C(N)N)=O)NC(C(NC(C(NC(C(NC(C(NC(C(NC(C2NC(=O)CC2)=O)Cc3[nH]cnc3)=O)Cc4c(c5[nH]c4)cccc5)=O)CO)=O)Cc6ccc(O)cc6)=O)COC(C)(C)C)=O)C,0.0
CC(Nc1ccc(O)cc1)=O,1.0
COC(C(C(c1c([N+]([O-])=O)cccc1)C(C(OCC(C)C)=O)=C(C)N2)=C2C)=O,0.0
CCCC(COC(N)=O)(COC(N)=O)C,1.0
CCCCC(COC(CC(S(O)(=O)=O)C(OCC(CCCC)CC)=O)=O)CC,0.0
CC(Cl)Cl,1.0
CN(C1C(=O)C(C(N)=O)=C(O)C(O)(C12)C(=O)C(C3C2O)=C(O)c(c4C3=C)c(O)ccc4)C,1.0
CN1S(=O)(=O)c(c2C(NCCCCCCC(O)=O)c(c13)cccc3)cc(Cl)cc2,1.0
CCC1(C(C(OC)=O)c(c2C(OC3OC(C)C(OC4OC(C)C(OC5OC(C)C(=O)CC5)C(O)C4)C(N(C)C)C3)C1)cc(c6c2O)C(=O)c(c7C6=O)cccc7O)O,1.0
CC(CSC1N2C(=O)C1NC(C(c3ccccc3)N)=O)=C2C(O)=O,1.0
CC(Nc1c(N2CCN(C(c3[nH]c(c4c3)ccc(NS(C)(=O)=O)c4)=O)CC2)nccc1)C,1.0
OC(c1ccccc1)(C2CCCCC2)CCN3CCCCC3,0.0
COc1c(C(NCCc2ccc(S(NC(NC3CCCCC3)=O)(=O)=O)cc2)=O)cc(Cl)cc1,1.0
COC1C(C)C(OC(C)=O)C(C)C(O)C(C)C(O)C(C)C=CC=C(C)C(=O)NC(=C2C(c(c(C(=O)C3(C)OC=C1)c4O3)c5c(O)c4C)=NC6(CCN(CC(C)C)CC6)N2)C5=O,1.0
CNS(CCc1cc(c2cc1)c(C3CCN(C)CC3)c[nH]2)(=O)=O,0.0
OCCN1CCN(CCCN2c(c3Sc(c24)cccc4)cc(C(F)(F)F)cc3)CC1,1.0
COc1c(O)c(c(C2[N+](C)(C)CC3)c3c1)Oc(ccc4CC5c(c6CCN5C)cc(c(OC)c6)Oc(cc7C2)c(O)cc7)cc4,0.0
CC(OC1C(C)(C2CC1[N+]3(CCCC3)CC=C)CCC(C24)C(C)(C5CC4)CC(N6CCOCC6)C(O)C5)=O,0.0
CON=C(c1nc(N)sc1)C(NC2C(=O)N(C23)C(C(O)=O)=C(C[n+]4c(c5ccc4)CCC5)CS3)=O,1.0
Clc1cc(c2cc1)C(c3ccccc3)=NCC(=O)N2CC4CC4,0.0
Cc1cc(NS(c2ccc(N)cc2)(=O)=O)no1,1.0
CC(C(=O)NC(=O)N1C2C=CC(CO)O2)=C1,1.0
NC(Nc(c1C2=O)n(COCCO)cn1)=N2,1.0
CNC(C1OC(OC2C(O)C(OC3C(O)C(NC)C(O)(C)CO3)C(N)CC2N)C(N)CC1)C,0.0
CN(CCc1c(c2[nH]c1)cc(CC3NC(=O)OC3)cc2)C,0.0
CCc1sc(c2c1)N(C)C(=O)CN=C2c3c(Cl)cccc3,1.0
COc1c(O)c(OC)cc(C2c(c3C(OC4C(O)C(O)C(C5O4)OC(C)OC5)C6C2C(=O)OC6)cc(c7c3)OCO7)c1,1.0
CC(c1ccc(CN2CCN(C(c3ccc(Cl)cc3)c4ccccc4)CC2)cc1)(C)C,0.0
Clc1c(C(n2cncc2)(c3ccccc3)c4ccccc4)cccc1,0.0
CCCCCCCC(OCC(CO)O)=O,1.0
CC(C(c1cc(Cl)ccc1)=O)NC(C)(C)C,0.0
CCOC(C(CC(N)C(NC(C)=O)C1OC(CC)CC)=C1)=O,1.0
CC(NCC(c1cc(O)c(O)cc1)O)C,0.0
COc1cc(c2cc1)ccc(C(C(O)=O)C)c2,1.0
Oc1c(C(Nc2c(Cl)cc([N+](=O)[O-])cc2)=O)cc(Cl)cc1,0.0
CCOC(C1(c2ccccc2)CCN(C)CC1)=O,0.0
CN(c1ccc(C(NC(C(O)=O)CCC(O)=O)=O)cc1)Cc2nc(c3nc2)c(N)nc(N)n3,1.0
CCc1c(c2[nH]c1C)C(=O)C(CN3CCOCC3)CC2,0.0
Cc1[nH]c2c(c(c3N(C(c4ccc(NC(c5c(c6ccccc6)cccc5)=O)cc4)=O)CC2)cccc3)n1,0.0
CC1(C2C(C3C(C(C#C)(O)CC3)(C)CC2)CC4)C4=Cc(c5C1)onc5,1.0
CC(C1C(C)(C2CC1)CCC(C23)C(C)(C4CC3O)CCC(O)C4)CCC(NCCS(O)(=O)=O)=O,1.0
CS(Nc1c(Oc2ccccc2)cc([N+](=O)[O-])cc1)(=O)=O,1.0
NC(c1ccc(OCCCCCOc2ccc(C(N)=N)cc2)cc1)=N,1.0
CCOc1c(C(NC2C(=O)N(C23)C(C(O)=O)C(C)(C)S3)=O)c(c4cc1)cccc4,1.0
Nc1ccc(S(N)(=O)=O)cc1,1.0
CCCC(OCOC(C(C(c1c(Cl)c(Cl)ccc1)C(C(OC)=O)=C(C)N2)=C2C)=O)=O,0.0
Nc1sc(c2n1)cc(OC(F)(F)F)cc2,1.0
OC(COc1c(c2ccc1)C(=O)C=C(C(O)=O)O2)COc3c(c4ccc3)C(=O)C=C(C(O)=O)O4,0.0
CN(CCCN1c(c2Sc(c13)cccc3)cc(C(F)(F)F)cc2)C,1.0
CCNC(Cc1cc(C(F)(F)F)ccc1)C,1.0
CC(Cn1c(c2nc1)c(c3nc2N)cccc3)C,1.0
OCCCl,1.0
OC(C(C(=O)C=CC1=NNc2cc(C(O)=O)c(O)cc2)=C1)=O,1.0
CCC(CN1CC2CC(c3c(OC)cc4c(C(C(N5CC=C6)C6(CC)C(OC(C)=O)C7(C(OC)=O)O)(C7N4C)CC5)c3)(C(OC)=O)c8c(c(c9[nH]8)cccc9)C1)=C2,1.0
COC(C(C(c1c([N+]([O-])=O)cccc1)C(C(OC)=O)=C(C)N2)=C2C)=O,1.0
COC(Nc1[nH]c(c2n1)cc(C(c3sccc3)=O)cc2)=O,0.0
COc1cc(c2cc1)c(C(C3N(CC(C=C)C4C3)CC4)O)ccn2,1.0
CN1CC(CN2c(c3Sc(c24)cccc4)cccc3)CCC1,1.0
CN(C(Cc1n(c2nc1c3ccc(C)cc3)cc(C)cc2)=O)C,1.0
CCC1(c2ccccc2)C(=O)NCNC1=O,0.0
OC(c1ccccc1)C(NC2C(=O)N(C23)C(C(O)=O)=C(CSc4n(CS(O)(=O)=O)nnn4)CS3)=O,1.0
NC(N)=NCCCCC1C(=O)NCC(=O)NC(CC(O)=O)C(=O)NC(Cc2c(c3[nH]c2)cccc3)C(=O)N(C4C(=O)NC(C(N)=O)CSSCCC(=O)N1)CCC4,0.0
CN([N+](=O)[O-])c1c([N+](=O)[O-])cc([N+](=O)[O-])cc1[N+](=O)[O-],1.0
CC(C(O)=O)(Cc1cc(O)c(O)cc1)N,1.0
COC1C(O)CCC(CC(C2OC(=O)C(N3C(=O)C(=O)C(OC4CC(OC)C(C)=CC=CC=CC(C)CC(C)C(=O)C(OC)C(O)C(C)=CC(C)C(=O)C2)(O)C(C)CC4)CCCC3)C)C1,1.0
CC1(C(C(O)=O)N(C2S1)C(=O)C2NC(C(c3ccc(O)cc3)N)=O)C,1.0
CCN(Cc1c(O)ccc(Nc2c(c3ncc2)ccc(Cl)c3)c1)CC,1.0
CCCCCCCCCc1ccc(OCCO)cc1,0.0
COc1cc2c(n(C(c3ccc(Cl)cc3)=O)c(C)c2CC(OCC(O)=O)=O)cc1,1.0
OC(Cc1c(c2ccc(Cl)cc2)cn(c3ccc(F)cc3)n1)=O,1.0
C1NCCNC1,0.0
CCc1c(C(c2cc(I)c(O)c(I)c2)=O)c(c3o1)cccc3,1.0
O=C1N(CCCN2CCN(C(c3ccccc3)c4ccccc4)CC2)c(c5N1)cccc5,1.0
FC(OC(C(Cl)F)(F)F)F,1.0
Cc1c(O)c(C=O)c(COP(O)(O)=O)cn1,0.0
OC(c1cnccc1)=O,1.0
O=C1Nc(c2CC1)ccc(OCCCCc3n(C4CCCCC4)nnn3)c2,0.0
CCCC1CN(C)C(C(NC(C2C(O)C(O)C(O)C(SC)O2)C(Cl)C)=O)C1,1.0
NC(Nc(c1C2=O)[nH]cc1CCc3ccc(C(NC(C(O)=O)CCC(O)=O)=O)cc3)=N2,1.0
CCOC(OC1(C(COC(CC)=O)=O)C(C)(C2CC1)CC(O)C(C23)C(C)(C(=C4)CC3)C=CC4=O)=O,0.0
CC1N(S(O)(=O)=O)C(=O)C1NC(C(c2nc(N)sc2)=NOC(C(O)=O)(C)C)=O,1.0
CC(NCC(c1cc(O)cc(O)c1)O)(C)C,1.0
CC1(OC(C(CCl)=O)(C2O1)C(C)(C3C2)CC(O)C(F)(C34)C(C)(C(=C5)CC4)CCC5=O)C,0.0
CC(c1n(C2CC(N(CCC(c3ccccc3)NC(C4CCC(F)(F)CC4)=O)C5C2)CC5)c(C)nn1)C,1.0
COc1cc(C2(C(CN(C)C)CCCC2)O)ccc1,1.0
CC(Cc1ccc(C(C(O)=O)C)cc1)C,1.0
CC1C(C2(C)C(C3C1)C(O)CC(C)(C34)C(C(C)=O)CC4)=CC(=O)CC2,0.0
COc1c2c(n(C3C(O)C(O)C(CO)O3)cn2)nc(N)n1,0.0
Cc1c(Sc2ccncc2)c(c3cc1)C(=O)N=C(N)N3,1.0
CC1(C(C(O)=O)N(C2S1)C(=O)C2NC(C(c3ccccc3)NC(N4C(=O)NCC4)=O)=O)C,0.0
Cc1ccc(C(Oc2c(OC(c3ccc(C)cc3)=O)cc(C(CNC(C)(C)C)O)cc2)=O)cc1,0.0
CN(C1CC2)C2CC(OC(C(c3ccccc3)CO)=O)C1,0.0
O=C1N(Cc2ccccc2)C(C3N1Cc4ccccc4)C([S+]5C3)CCC5,0.0
OC(CCCc1ccccc1)=O,1.0
CCOc1ccc(CC(N(CC(O)=O)CC(O)=O)CN(CC(O)=O)CCN(CC(O)=O)CC(O)=O)cc1,1.0
CON=C(c1nc(N)sc1)C(NC2C(=O)N(C23)C(C(O)=O)=C(C[N+]4(CCCC4)C)CS3)=O,1.0
CON=C(c1nc(N)sc1)C(NC2C(=O)N(C23)C(C(O)=O)=C(CSC(N(C)NC(=O)C4=O)=N4)CS3)=O,1.0
CC(OC(OCOP(OCOC(OC(C)C)=O)(COC(Cn1c(c2nc1)ncnc2N)C)=O)=O)C,1.0
CCCC(COC(NC(C)C)=O)(COC(N)=O)C,0.0
CCC1(CN2CC(CC(c3c(OC)cc4c(C(C(N5CC=C6)C6(CC)C(OC(C)=O)C7(C(OC)=O)O)(C7N4C=O)CC5)c3)(C(OC)=O)c8c(c(c9[nH]8)cccc9)CC2)C1)O,1.0
[O-][N+](OCC(C(O[N+](=O)[O-])CO[N+](=O)[O-])O[N+](=O)[O-])=O,1.0
Cc1sc(NS(c2ccc(N)cc2)(=O)=O)nn1,1.0
CCOCCP(CCP(CCOCC)CCOCC)CCOCC,0.0
CC1(C(C(Nc2c(C(F)(F)F)ccc(C(F)(F)F)c2)=O)CC3)C3C4C(C(C)(C5CC4)C=CC(=O)N5)CC1,0.0
OC(c1c(c2nc(c3ccccc3)c1)cccc2)=O,1.0
NC(C(O)=O)CCC(N)=O,1.0
COC(C1C(C2(C3O2)C(C)(C(=C4)C1)CCC4=O)C5C(C6(OC(=O)CC6)CC5)(C)C3)=O,1.0
CNC(Cc1ccccc1)C,0.0
NC(N)=NCC1OC2(CCCCC2)OC1,0.0
FC(COc1cc(C(NCC2NCCCC2)=O)c(OCC(F)(F)F)cc1)(F)F,1.0
CCCCN1C2(CCN(Cc3ccc(Oc4ccc(C(O)=O)cc4)cc3)CC2)C(=O)NC(C(C5CCCCC5)O)C1=O,1.0
CO[Si](O[Si](C)(C)C)(C)C,0.0
CC(c1c(O)c(C(C)(C)C)cc(SC(Sc2cc(C(C)(C)C)c(O)c(C(C)(C)C)c2)(C)C)c1)(C)C,0.0
Cc1c(O)c(C)c(c2c1C)CCC(COc3ccc(CC4C(=O)NC(=O)S4)cc3)(C)O2,1.0
COC(CC(C(OC1C(OC)=CC(N2CCc(c34)cc(c5c3)OCO5)(C14)CCC2)=O)(CCCC(O)(C)C)O)=O,1.0
C#CCNC1c(c2CC1)cccc2,0.0
CN1S(=O)(=O)c(c2C(=O)C1=C(Nc3ncccc3)O)ccs2,1.0
CC1C(O)C(O)CC(OC2C(C)OC(OC3C(C)OC(OC4CC5C(C6C(C(O)(C7(C)C(O)C6)CCC7C(COC8=O)=C8)CC5)(C)CC4)CC3O)CC2O)O1,0.0
CC[N+](CCOC(C(c1ccccc1)(C2CCCCC2)O)=O)(CC)C,0.0
CCC1(C(=O)N(C)C(=O)O1)C,1.0
Cc1nc(N)c(C[n+]2c(C)c(CCO)sc2)cn1,0.0
CCc1cnc(CCOc2ccc(CC3C(=O)NC(=O)S3)cc2)cc1,0.0
CCCCCC(C=CC1C(CC=CCCCC(O)=O)C(O)CC1O)(O)C,0.0
CC(C(=O)NC(=O)N1C2OC(CO)C(O)C2)=C1,1.0
NCC1CCC(C(O)=O)CC1,0.0
CC(C(C(OCCOCn1c(c2nc1)NC(N)=NC2=O)=O)N)C,1.0
CNc1ccccc1,1.0
CCC(OC1C(C)(C2CC1[N+]3(CCCCC3)CC=C)CCC(C24)C(C)(C5CC4)CC(N6CCCCC6)C(OC(C)=O)C5)=O,0.0
NC(CO)(CO)CO,0.0
CC(NNC(c1ccncc1)=O)C,1.0
NC(C(O)=O)COC(O)=C[N+]#N,0.0
CCN1C(=O)N=C(NS(c2ccc(N)cc2)(=O)=O)C=C1,1.0
NC(NC1=C(N(C=O)C(CNc2ccc(C(NC(C(O)=O)CCC(O)=O)=O)cc2)CN1)C3=O)=N3,0.0
CC(C1C(=O)C(C)(C2=CC1=O)c(c3O2)c(O)c(C)c(O)c3C(C)=O)=O,1.0
CN1C(=CN=O)C=CC=C1,0.0
CCC(c1ccccc1)C(C(=O)c(c2O3)cccc2)=C3O,0.0
NCc1ccc(S(N)(=O)=O)cc1,0.0
COC1C(OC2C(O)C(N(C)C)C(OC3OC(C)C(OC(CC(C)C)=O)C(O)(C)C3)C(C)O2)C(CC=O)CC(C)C(O)C=CC=CCC(C)OC(=O)CC1OC(C)=O,1.0
CC(Cc1ccccc1)(N)C,0.0
C(c1ccc(CN2CCNCCCNCCNCCC2)cc1)N3CCNCCCNCCNCCC3,0.0
CN1S(=O)(=O)c(c2C(=O)C1=C(Nc3ncccc3)O)cccc2,1.0
CCNC1c(c2S(=O)(=O)C(C)C1)cc(S(N)(=O)=O)s2,0.0
COc1c(OC)c(OC)cc(C2c(c3C(O)C4C2C(=O)OC4)cc(c5c3)OCO5)c1,0.0
NC(C=CN(C1OC(CO)SC1)C2=O)=N2,1.0
COCCc1ccc(OCC(CNC(C)C)O)cc1,1.0
CCN(c1cc(c2n(c3ncc2)ncc3C#N)ccc1)C(C)=O,0.0
NCCCNCCSP(O)(O)=O,0.0
CC1SCC2(C(CCN3C2)CC3)O1,1.0
CCCCc1n(Cc2ccc(c3c(c4n[nH]nn4)cccc3)cc2)c(CO)c(Cl)n1,1.0
COCCOC(NCCCCC(C(NCCCCCOP(O)(C)=O)=O)NC(OCCOC)=O)=O,0.0
COc1ccc(C(N2C(=O)CCC2)=O)cc1,0.0
NC1C(O)C(O)C(CO)OC1O,1.0
COC(c1ccccc1)(c2ccccc2)C(C(O)=O)Oc3nc(C)cc(C)n3,1.0
Clc1cc(Cl)c(CON=C(c2c(Cl)cc(Cl)cc2)Cn3cncc3)cc1,0.0
CC(OCC[N+](C)(C)C)=O,0.0
CN(CCCN1c(c2Sc(c13)cccc3)cc(Cl)cc2)C,1.0
OC(Oc(c1C2=O)cccc1)=C2CC(C(=O)c(c3O4)cccc3)=C4O,0.0
CNCC(c1cc(O)c(O)cc1)O,0.0
FC(C(C(C(C(C(C(C(Br)(F)F)(F)F)(F)F)(F)F)(F)F)(F)F)(F)F)(F)F,1.0
CC1C(c2cc(O)ccc2)(C)CCN(CC(C(NCC(O)=O)=O)Cc3ccccc3)C1,0.0
[O-][N+](c1ccc(C=NN2C(=O)OCC2)o1)=O,1.0
C[N+](CC(CC(O)=O)O)(C)C,0.0
OC(C1Oc(c2CC1)ccc(F)c2)CNCC(C3Oc(c4CC3)ccc(F)c4)O,1.0
C[N+](CCOC(CCC(OCC[N+](C)(C)C)=O)=O)(C)C,0.0
CCN(CCOC(C1(C2CCCCC2)CCCCC1)=O)CC,0.0
Nc1nc(c2c(NC3CC3)n1)n(C4C=CC(CO)C4)cn2,1.0
CC(c1cc(C(c2ccccc2)=O)ccc1)C(O)=O,1.0
Sc1ccccc1,1.0
CNC(Oc1cc(c2cc1)C(C)(C3N2C)CCN3C)=O,0.0
CCOC(C(NC(C(N1C(C(O)=O)Cc(c2C1)cc(OC)c(OC)c2)=O)C)CCc3ccccc3)=O,1.0
CC1C2(C)C(C3(C(C)C(O)C(C=C)(C)CC2OC(CSC4CC(N(C)C5C4)CC5)=O)CC1)C(=O)CC3,0.0
CC1(C(=O)N(c2cc(C(F)(F)F)c([N+](=O)[O-])cc2)C(=O)N1)C,1.0
NC(NO)=O,1.0
OS(OCC1C(OS(O)(=O)=O)C(OS(O)(=O)=O)C(OS(O)(=O)=O)C(OC2(C(OS(O)(=O)=O)C(OS(O)(=O)=O)C(OS(O)(=O)=O)O2)COS(O)(=O)=O)O1)(=O)=O,1.0
NC(Nc(c1C2=O)n(C3C(=C)C(CO)C(O)C3)cn1)=N2,1.0
OCC1C(O)CC(N2C(=O)NC(=O)C(Br)=C2)O1,1.0
CC(C(c1ccc(O)cc1)O)NCCc2ccc(O)cc2,1.0
CC(Oc1sc(c2c1)CCN(C(c3c(F)cccc3)C(C4CC4)=O)C2)=O,0.0
CC(C(OCC(C1(C(C)(C2C3)CC(O)C(C24)C(C)(C(=C5)CC4)C=CC5=O)C3OC(C6CCCCC6)O1)=O)=O)C,0.0
C(c1c(c2ccc1)cccc2)C(NCC3)=N3,0.0
CCCc1c(c2cc(c13)C(=O)C=C(C(O)=O)O3)N(CC)C(C(O)=O)=CC2=O,0.0
CC(NC(C1N(CC(C(NC(C(NC(c2nc(c3cc2)cccc3)=O)CC(N)=O)=O)Cc4ccccc4)O)CC(C5C1)CCCC5)=O)(C)C,1.0
CCCC(OC1(C(COC(C)=O)=O)C(C)(C2CC1)CC(O)C(F)(C23)C(C)(C(=C4)C(F)C3)C=CC4=O)=O,0.0
CSC(N(N)C(=O)C(C(C)(C)C)=N1)=N1,1.0
CC1C(C(CO)=O)(O)C(C)(C2C1)CC(O)C(F)(C23)C(C)(C(=C4)CC3)C=CC4=O,0.0
CC(NCC(COc1ccc(NC(NC2CCCCC2)=O)cc1)O)(C)C,1.0
CN(C1C(=O)C(C(N)=O)=C(O)C(O)(C12)C(=O)C(C3C2)=C(O)c(c4C3O)c(O)ccc4Cl)C,1.0
CCN(C(Oc1cc(C(N(C)C)C)ccc1)=O)C,0.0
OCC1C(O)CC(N2C(=O)NC(=O)C(F)=C2)O1,1.0
CNC(Cc1ccccc1)(C)C,0.0
CCC(C(O)=O)Cc1c(I)c(N)c(I)cc1I,0.0
COc1c(OC)cc(CCN(CCCC(c2cc(OC)c(OC)cc2)(C(C)C)C#N)C)cc1,1.0
Oc1cc(c2cc1)cccc2,1.0
[O-][N+](OC1C(C2OC1)OCC2O[N+](=O)[O-])=O,0.0
CN(C(N=C(N)N)=N)C,0.0
CC(OCC(CSC1N2C(=O)C1NC(CSc3ccncc3)=O)=C2C(O)=O)=O,0.0
Clc1c(C(c(c2NC(=O)C3)cc([N+](=O)[O-])cc2)=N3)cccc1,1.0
CN1C(=O)C(c2ccccc2)(C)CC1=O,0.0
ClCCN(C(C(=O)NC(=O)N1)=C1)CCCl,1.0
OCCN(c1nc(c2c(N3CCCCC3)n1)c(N4CCCCC4)nc(N(CCO)CCO)n2)CCO,1.0
CC(C(c1cc(O)ccc1)O)N,0.0
CNC1C(O)(C)COC(OC2C(NC(C(CN)O)=O)CC(N)C(OC3C(O)C(O)C(O)C(CN)O3)C2O)C1O,1.0
[O-][N+](c1cc([N+](=O)[O-])ccc1)=O,1.0
CN1C(CCOC(c2ccc(Cl)cc2)(c3ccccc3)C)CCC1,0.0
CCCCCCOc1c(C(CN(C)CC2)=C2)nsn1,1.0
CC1CC(C(O)=O)N(C(C(NS(c2c(c3ccc2)NCC(C)C3)(=O)=O)CCCN=C(N)N)=O)CC1,1.0
S=C=Nc1c(c2ccc1)cccc2,1.0
CN(CC(C1(CCCCC1)O)c2ccc(O)cc2)C,0.0
CCCSc1cc(c2cc1)[nH]c(NC(OC)=O)n2,1.0
O=C1NC(c2ccccc2)(c3ccccc3)C(=O)N1,1.0
CCC(N1C(=O)N(c2ccc(N3CCN(c4ccc(OCC5CC(c6c(F)cc(F)cc6)(Cn7ncnc7)OC5)cc4)CC3)cc2)C=N1)C(O)C,1.0
Clc1cc(c2cc1)C(N3CCNCC3)=Nc(c4O2)cccc4,0.0
COc1c(OCC(CN2CCN(CC(Nc3c(C)cccc3C)=O)CC2)O)cccc1,0.0
COc1c(C)c(C)c(C=CC(C)=CC=CC(C)=CC(O)=O)c(C)c1,1.0
CC(N)=S,0.0
OC(COc1c(c2n(Cc3ccccc3)n1)cccc2)=O,1.0
C[N+](CCOP(OP(OCC1C(O)C(O)C(N2C(=O)N=C(N)C=C2)O1)(O)=O)(O)=O)(C)C,0.0
COc1c(c(C2(C3C(=O)CC4)C4C(N(C)CC2)C5)c5cc1)O3,0.0
CN(CCCN1c(c2CCc(c13)cccc3)cccc2)C,1.0
Clc1cc(Cl)c(C(OCc2c(Cl)scc2)Cn3cncc3)cc1,0.0
CCCN(S(c1ccc(C(O)=O)cc1)(=O)=O)CCC,1.0
CC(c1c(O)c(C(C)C)ccc1)C,0.0
CC1(C(C(O)=O)N(C2S1)C(=O)C2NC(C(c3cscc3)C(O)=O)=O)C,0.0
CC(NCCCS(O)(=O)=O)=O,0.0
CC(C(C(OCC(OCn1c(c2nc1)NC(N)=NC2=O)CO)=O)N)C,0.0
CC(c1cc(C(F)(F)F)cc(C(F)(F)F)c1)OC2C(c3ccc(F)cc3)N(CC(NNC4=O)=N4)CCO2,1.0
NCCCC(P(O)(O)=O)(P(O)(O)=O)O,0.0
CC1(C(O)CC2)C2C3C(c(c4CC3)ccc(O)c4)CC1,0.0
COC1(C(C(C(C)(C)C)(O)C)C2)CCC2(C3(c(c4c(O)cc5)c5C6)C1O4)C6N(CC7CC7)CC3,0.0
CC1(C(O)CC2)C2C3C(c(c4CC3)ccc(OC(N(CCCl)CCCl)=O)c4)CC1,1.0
CC(C(c1ccccc1)O)N,0.0
OCC1C(O)CC(n2c(c3nc2)NC=NCC3O)O1,1.0
CC1(C(C(OCCl)=O)(O)CC2)C2C3C(C(C)(C(=C4)CC3)C=CC4=O)C(O)C1,0.0
OC1C(=O)Nc(c2C(c3c(Cl)cccc3)=N1)ccc(Cl)c2,1.0
CCCCCCCCCCCC(OC(C(NC=O)CC(C)C)=O)CC1C(CCCCCC)C(=O)O1,1.0
CC(NCC(c1cc(O)cc(O)c1)O)C,0.0
Fc1ccc(C(c2ccc(F)cc2)N3CCN(CC=Cc4ccccc4)CC3)cc1,0.0
NC1C(C12)CN(c3c(F)cc(c4n3)C(=O)C(C(O)=O)=CN4c5c(F)cc(F)cc5)C2,1.0
COc1ccc(C2C(OC(C)=O)C(=O)N(CCN(C)C)c(c3S2)cccc3)cc1,1.0
NC(C=CN(CC(OCP(O)(O)=O)CO)C1=O)=N1,0.0
CCCCCCC(c1cc(c2c(O)c1)OC(C)(C)C(C23)CCC(=O)C3)(C)C,0.0
OP(OCN1C(=O)C(c2ccccc2)(c3ccccc3)NC1=O)(O)=O,0.0
CC(P(O)(O)=O)(P(O)(O)=O)O,0.0
CC(C1C(C)(C2CC1)CCC(C23)C(C)(C(=C4)CC3)CCC4=O)=O,1.0
CC1C(OC2OC(C)C(OC3OC(C)C(OC4C(O)C(O)C(O)C(CO)O4)C(O)C3)C(O)C2)C(O)CC(OC5CC6C(C7C(C(O)(C8(C)C(O)C7)CCC8C(COC9=O)=C9)CC6)(C)CC5)O1,0.0
Clc1cc(Cl)c(COC(c2c(Cl)cc(Cl)cc2)Cn3cncc3)cc1,0.0
COc1c(OC)cc(C=CC(Nc2c(C(O)=O)cccc2)=O)cc1,1.0
CC(Nc1ncccn1)C,1.0
COC1(C(=O)N(C12)C(C(O)=O)=C(CSc3n(C)nnn3)CS2)NC(CSCC#N)=O,1.0
C[n+]1ccc(c2cc[n+](C)cc2)cc1,1.0
CC(CN(S(c1ccc(N)cc1)(=O)=O)CC(C(NC(OC2COCC2)=O)Cc3ccccc3)O)C,0.0
CC1(C(O)CC2)C2C3C(C(C)(C4(C5O4)CC3)CC(C#N)=C5O)CC1,0.0
CN(c1ccc(N=Nc2ccccc2)cc1)C,1.0
COc1c(OC)cc(CC2[N+](CCC(OCCCCCOC(CC[N+]3(C(Cc4cc(OC)c(OC)cc4)c(c5CC3)cc(OC)c(OC)c5)C)=O)=O)(C)CCc(c26)cc(OC)c(OC)c6)cc1,0.0
Clc1cc(Cl)c(C(OCc2c(c3sc2)cccc3Cl)Cn4cncc4)cc1,1.0
CC1(C(C(CO)=O)(O)CC2)C2C3C(C(C)(C(=C4)CC3)CCC4=O)(F)C(O)C1,0.0
CCN(CCOc1ccc(C(c2ccccc2)=C(c3ccccc3)Cl)cc1)CC,1.0
CCC(OC(C(C)C)OP(CC(N1C(C(O)=O)CC(C2CCCCC2)C1)=O)(CCCCc3ccccc3)=O)=O,1.0
CCC1C(O)(C)C(O)C(C)C(=O)C(C)CC(OC)(C)C(OC2C(O)C(N(C)C)CC(C)O2)C(C)C(OC3OC(C)C(O)C(OC)(C)C3)C(C)C(=O)O1,1.0
CN(CCN1C(=O)c(c(c2ccc3)c3C1=O)cc(N)c2)C,1.0
Clc1ccc(CCC(Sc2c(Cl)cccc2Cl)Cn3cncc3)cc1,0.0
CCN(C(C1C(OC(C)=O)CC(N2C1)c(c3CC2)cc(OC)c(OC)c3)=O)CC,0.0
NC(NS(c1ccc(N)cc1)(=O)=O)=O,1.0
CN(CCN(c1ncccc1)Cc2sccc2)C,1.0
CC(C(NCCS(O)(=O)=O)=O)(Oc1ccc(C(c2ccc(Cl)cc2)=O)cc1)C,0.0
CCCN1C(C(Nc2c(C)cccc2C)=O)CCCC1,0.0
CC(C(OC(Cc1ccc(Cl)cc1)(C)C)=O)N,1.0
COC1(C(=O)N(C12)C(C(O)=O)C(C)(C)S2)NC(C(c3cscc3)C(O)=O)=O,0.0
OC(c(c1C(=O)C2=O)cccc1)=C2C3CCC(c4ccc(Cl)cc4)CC3,1.0
NCc1c(CC(NC2C(=O)N(C23)C(C(O)=O)=C(CSc4n(CC(O)=O)nnn4)CS3)=O)cccc1,1.0
CCOC(NC(C(=O)C(N1CC1)=C(NC(OCC)=O)C2=O)=C2N3CC3)=O,1.0
CN(C1C(=O)C(=C(O)N)C(=O)C(O)(C12)C(=O)C(=C3O)C(C(O)(C)c(c34)cccc4O)C2O)C,1.0
OS(c1c(C=C)cccc1)(=O)=O,0.0
CNC(NCCSCc1ccc(CN(C)C)o1)=C[N+]([O-])=O,0.0
CC1(C(C(O)=O)N(C2S1)C(=O)C2NC(COc3ccccc3)=O)C,0.0
BrCCC(N1CCN(C(CCBr)=O)CC1)=O,0.0
NC(Nc1ccc(Cl)cc1)=NC(N)=NCCCCCCN=C(N=C(Nc2ccc(Cl)cc2)N)N,0.0
OP(C(P(O)(O)=O)Sc1ccc(Cl)cc1)(O)=O,0.0
Oc1c(c2c(Cl)cc1Cl)nccc2,0.0
CC(c1c(C)c(C)ccc1)c2[nH]cnc2,0.0
CC1(C(C#C)(O)CC2)C2C3C(c(c4CC3)ccc(O)c4)CC1,1.0
C[N+](C1CC2)(C2CC(OC(C(c3ccccc3)O)=O)C1)C,0.0
CNC1c(c2C(c3cc(Cl)c(Cl)cc3)CC1)cccc2,0.0
CC(c1sc(c2c1)cccc2)N(C(N)=O)O,1.0
C(c1cc(c2cc1)OCO2)N3CCN(c4ncccn4)CC3,1.0
OC(Cc1c(c2ccc(Cl)cc2)nc(c3ccccc3)s1)=O,1.0
CCOP(SCC[N+](C)(C)C)(OCC)=O,0.0
FC(CN1c(c2C(c3ccccc3)=NCC1=O)ccc(Cl)c2)(F)F,0.0
Brc1c(c2ccc1NC(NCC3)=N3)nccn2,0.0
NC(N1C(c(c2Cc(c13)cccc3)cccc2)C4)=N4,0.0
CN(CCC=C1c(c2Sc(c13)cccc3)cc(Cl)cc2)C,1.0
OC(Cc1c(Nc2c(Cl)cccc2Cl)cccc1)=O,1.0
CC(OC(CCCC=CCC1C(C=CC(COc2cc(C(F)(F)F)ccc2)O)C(O)CC1O)=O)C,0.0
OC(C(C(C(CBr)O)O)O)CBr,1.0
CCCC(Nc1c(I)c(CC(C(O)=O)CC)c(I)cc1I)=O,0.0
CN(CCC=C1c(c2OCc(c13)cccc3)cc(CC(O)=O)cc2)C,0.0
CNC1(c2c(Cl)cccc2)C(=O)CCCC1,0.0
CCCCCC(C=CC1C(CC=CCCCC(O)=O)C(=O)CC1O)O,0.0
Cc1c(C)c(Nc2c(C(O)=O)cccc2)ccc1,1.0
COc1cc2c(n(C(c3ccc(Cl)cc3)=O)c(C)c2CC(O)=O)cc1,1.0
Clc1ccc(OCC(N2CCN(Cc3cc(c4cc3)OCO4)CC2)=O)cc1,1.0
NC(N)=NCc1cc(I)ccc1,1.0
OC(Cc1cc(Cl)c(OCC=C)cc1)=O,1.0
C[N+]1(CC(OC(C(c2ccccc2)(c3ccccc3)O)=O)CCC1)C,0.0
CC(NCC(COc1ccc(COCCOC(C)C)cc1)O)C,1.0
CN(C1CC2)C2CC(OC(c3ccccc3)c4ccccc4)C1,0.0
CC(NCC(c1cc(O)cc(O)c1)O)Cc2ccc(O)cc2,1.0
CCCC(Nc1cc(C(C)=O)c(OCC(CNC(C)C)O)cc1)=O,1.0
S(c1ccccc1)c2ccccc2,1.0
CC1C2C(C3C(C(C)(C4CC3O)CC(OC(C)=O)C4=C(C(O)=O)CCC=C(C)C)(C)CC2)(C)CCC1O,1.0
FC(c1cc([N+](=O)[O-])c(C(C2C(=O)CCCC2=O)=O)cc1)(F)F,0.0
COc1c(OCCNCC(COc2c(c3ccc2)c(c4[nH]3)cccc4)O)cccc1,1.0
NC(C=C)CCC(O)=O,1.0
COC1C(C)C(OC(C)=O)C(C)C(O)C(C)C(O)C(C)C=CC=C(C)C(=O)NC(C(C(c(c(C(=O)C2(C)OC=C1)c3O2)c4c(O)c3C)=O)=CNN5CCN(C)CC5)=C4O,1.0
CC(NCC(COc1c(OCC=C)cccc1)O)C,0.0
Oc1ccc(OCc2ccccc2)cc1,0.0
CCC(OC1(C(CCl)=O)C(C)(C2CC1C)CC(O)C(F)(C23)C(C)(C(=C4)C(F)C3)C=CC4=O)=O,0.0
COC1C(NS(O)(=O)=O)C(O)C(OC2C(OS(O)(=O)=O)C(O)C(OC3C(NS(O)(=O)=O)C(OS(O)(=O)=O)C(OC4C(O)C(O)C(OC5C(NS(O)(=O)=O)C(O)C(O)C(COS(O)(=O)=O)O5)C(C(O)=O)O4)C(COS(O)(=O)=O)O3)C(C(O)=O)O2)C(COS(O)(=O)=O)O1,1.0
Cc1c(Oc2c(Br)c(N)nc(Nc3ccc(C#N)cc3)n2)c(C)cc(C#N)c1,1.0
CC1N(C)CCOC1c2ccccc2,0.0
CC(C(O)=O)O,0.0
CCCNC(NS(c1ccc(Cl)cc1)(=O)=O)=O,1.0
CC(OP(OC1C(CO)OC(n2c(c3nc2)cc(C)c(C)c3)C1O)(O)=O)CNC(CCC4(C(=C5C)N=C(C6(C)N=C(C(CCC(N)=O)C6(CC(N)=O)C)C(C)=C7N=C(C(CCC(N)=O)C7(CC(N)=O)C)C=C8N=C5C(CCC(N)=O)C8(C)C)C4CC(N)=O)C)=O,0.0
CC1(C(C(O)=O)N(C2S1)C(=O)C2NC(C(c3ccccc3)NC(N4C(=O)N(S(C)(=O)=O)CC4)=O)=O)C,1.0
COC(CCc1ccc(OCC(CNC(C)C)O)cc1)=O,0.0
CC1(C(O)CC2)C2C3C(C(C)(C(=C4)CC3)CCC4=O)CC1,1.0
OCC1C(O)C(O)C(O)C(O)O1,0.0
CC(N(c1c(I)c(C(NCC(CO)O)=O)c(I)c(C(NCC(CO)O)=O)c1I)CC(CO)O)=O,0.0
CON=C(c1ccc(c2ccc(c3ccc(C(N)=NOC)cc3)o2)cc1)N,1.0
CC1(C(N)C2CCCCC1)c(c3C2)cc(O)cc3,0.0
CC1(C(=O)N(c2cc(C(F)(F)F)c([N+]([O-])=O)cc2)C(=O)N1)C,1.0
CCN(CCCC(Nc1c(c2nc(c13)cc(Cl)cc3)cc(OC)cc2)C)CC,1.0
CCN(c1c(C)cccc1)C(C=CC)=O,0.0
CCN1c(c2C(=O)C(C(O)=O)=C1)c(F)c(N3CC(C)NCC3)c(F)c2,1.0
CN1S(=O)(=O)c(c2C3=C1C(=O)N(c4ncccc4)C(=O)O3)cccc2,1.0
COC1C(O)CCC(C=C(C2C(C)C(O)CC(=O)C(CC=C)C=C(C)CC(C)CC(OC)C3OC(C(C)CC3OC)(O)C(=O)C(=O)N(C4C(=O)O2)CCCC4)C)C1,1.0
CC(C(C=CC(C1C(C)(C2CC1)CCCC2=CC=C3C(=C)CCC(O)C3)C)C)C,0.0
CCC(C(c1cc(O)c(O)cc1)O)NC(C)C,0.0
OC(CCCc1ccc(N(CCCl)CCCl)cc1)=O,1.0
COC(Nc1[nH]c(c2n1)cccc2)=O,1.0
Brc1ccccc1,1.0
CC1C(O)C(C)C(=O)C(C)(C)C(O)CC(=O)NC(C(C)=Cc2nc(C)sc2)CC(C3(C)CCC1)O3,0.0
CC(NCC(COc1c(c2ccc1)cc[nH]2)O)C,0.0
CC(C(C(Nc1ccccc1)=O)N=Nc2c(Cl)cc(c3cc(Cl)c(N=NC(C(Nc4ccccc4)=O)C(C)=O)cc3)cc2)=O,1.0
CC(c1cc(Oc2ccccc2)ccc1)C(O)=O,1.0
Cc1ccc(c2n(c3ccc(S(N)(=O)=O)cc3)nc(C(F)(F)F)c2)cc1,1.0
CCC(C(OC1C(C2=CC(C)C1)C(CCC3OC(=O)CC(O)C3)C(C)C=C2)=O)(C)C,0.0
CON=C(c1nc(N)sc1)C(NC2C(=O)N(C23)C(C(O)=O)=C(COC(C)=O)CS3)=O,1.0
OCC1OC(n2c(c3nc2)NC=NC3=O)CC1,1.0
CN(CCCN1c(c2CCc(c13)cccc3)cc(Cl)cc2)C,1.0
CN(C(Oc1c[n+](C)ccc1)=O)C,0.0
CCN1c(c2C(=O)C(C(O)=O)=N1)cc(c3c2)OCO3,1.0
CN(C(Oc1cc([N+](C)(C)C)ccc1)=O)CCCCCCCCCCN(C(Oc2cc([N+](C)(C)C)ccc2)=O)C,1.0
CC(Nc1c(I)c(C(O)=O)c(I)c(NC(C)=O)c1I)=O,0.0
CN(S(c1cc(c2cc1)C(=CCCN3CCN(C)CC3)c(c4S2)cccc4)(=O)=O)C,1.0
CC(C1C(C)(C2CC1)CCCC2=CC=C3CC(O)CC(O)C3)C=CC(C(O)(C)C)C,0.0
CC1C(O)(C)C(O)(C)C(=O)OCC(C(N2CC3)C3OC1=O)=CC2,1.0
CC1(C(C(O)=O)N(C2S1)C(=O)C2NC(Cc3ccccc3)=O)C,0.0
CC(COc1c(C)cccc1C)N,1.0
Nc1c2c(n(C3C(O)C(O)C(COP(O)(O)=O)O3)cn2)nc(F)n1,0.0
CCC(c1ccccc1)=C(c2cc(O)ccc2)c3ccc(OCCN(C)C)cc3,1.0
CC(NN(c1cc(C)c(C)cc1)C2=O)=C2NN=C3C(=O)C(c4cc(C(O)=O)ccc4)=CC=C3,1.0
CCC1(C(C#C)(O)CC2)C2C3C(C(C(=C4)CC3)CCC4=O)C(=C)C1,1.0
O=C1C(C2=NC=N1)=CNN2,1.0
NC(Nc(c1C2=S)nc[nH]1)=N2,1.0
CCN(C(C(C#N)=Cc1cc([N+](=O)[O-])c(O)c(O)c1)=O)CC,1.0
CCC(N(C1(CCN(CCc2sccc2)CC1)COC)c3ccccc3)=O,0.0
CCOC1C(NC(C2N3N(C(=O)CCC(NC(c4c(c5ccn4)cccc5)=O)C3=O)CCC2)=O)CC(=O)O1,1.0
CC(C1(C)c(c2C3)cc(O)cc2)C3N(CC=C(C)C)CC1,0.0
FC(C(=O)NC(=O)N1)=C1,0.0
NCCCCCC(O)=O,0.0
CC(N=C1C(Nc2ccc(Cl)cc2)=CC(C3=C1)=Nc(c4N3c5ccc(Cl)cc5)cccc4)C,1.0
CCCC(C1(C(=O)NC(=O)NC1=O)CC)C,0.0
NNC(c1ccncc1)=O,1.0
Cc1n(c2ccc([N+]([O-])=O)cc2)cc([N+]([O-])=O)n1,1.0
COC1(C(=O)N(C12)C(C(O)=O)=C(CSc3n(C)nnn3)CS2)NC(C4SC(=C(C(O)=O)C(N)=O)S4)=O,0.0
NC(c1c(O)cccc1)=O,0.0
CCOc1n(Cc2ccc(c3c(c4n[nH]nn4)cccc3)cc2)c(c5n1)c(C(OC(OC(OC6CCCCC6)=O)C)=O)ccc5,1.0
FCOC(C(F)(F)F)C(F)(F)F,1.0
COC(C(c1c(Cl)cccc1)N2Cc(c3CC2)ccs3)=O,1.0
CCc1c(C(c2ccc(O)cc2)=O)c(c3o1)cccc3,1.0
Cn1c(SCC(CSC2N3C(=O)C2NC(C(c4ccccc4)O)=O)=C3C(O)=O)nnn1,1.0
CN1C(=O)C(C)(C)OC1=O,1.0
CCCN(C(Cc1n(c2nc1c3ccc(Cl)cc3)cc(Cl)cc2)=O)CCC,1.0
COC1C(C(OC)=O)C(C2CC1OC(C=Cc3cc(OC)c(OC)c(OC)c3)=O)CC(N4C2)c5c(c(c6[nH]5)ccc(OC)c6)CC4,0.0
CC(NC(C(O)=O)CS)=O,0.0
CC(N(C(C)C)CCC(c1ncccc1)(c2ccccc2)C(N)=O)C,1.0
ClC(Br)Cl,1.0
COc1cc(c2cc1)c(CCNC(C)=O)c[nH]2,0.0
OC1CCN(CCCN2c(c3Sc(c24)cccc4)cc(C#N)cc3)CC1,1.0
CC1C(C2(C)C3C(C4C(C(C(C)=O)(O)CC4)(C)CC3)C1)=CC(=O)CC2,0.0
CNCC(c1cc(OC(C(C)(C)C)=O)c(OC(C(C)(C)C)=O)cc1)O,0.0
OCCN1C(CO)C(O)C(O)C(O)C1,0.0
CCOC(C(C(c1cc([N+](=O)[O-])ccc1)C(C(OC)=O)=C(C)N2)=C2C)=O,1.0
CC#CC1(C(C)(C2CC1)CC(c3ccc(N(C)C)cc3)C(C24)=C(C(=C5)CC4)CCC5=O)O,0.0
CN1C(=O)c(c2N(C)C1=O)[nH]cn2,0.0
CS(OCCCCOS(C)(=O)=O)(=O)=O,1.0
Fc1ccc(C2C(COc3cc(c4cc3)OCO4)CNCC2)cc1,0.0
CNC(NCc1ccccc1)=NC,0.0
ClCCN(C(NC1CCCCC1)=O)N=O,0.0
C1OCCOC1,1.0
CN1c(c2C(c3ccccc3)=NC(O)C1=O)ccc(Cl)c2,0.0
Clc1c(NC(NCC2)=N2)c(c3cc1)nsn3,1.0
CN(CCc1c(c2[nH]c1)cc(Cn3ncnc3)cc2)C,0.0
OC(Cc1nc(c2ccc(Cl)cc2)sc1)=O,1.0
OC1C(=O)Nc(c2C(c3ccccc3)=N1)ccc(Cl)c2,1.0
CCOP(C(NC(N(N=O)CCCl)=O)C)(OCC)=O,1.0
CN(C1CC2)C2CC(OC(c3c(c4[nH]c3)cccc4)=O)C1,1.0
Cc1c(O)c(CO)c(CO)cn1,0.0
CC1(C(C)(C2CC1)CCC(C23)C(C)(C4CC3)Cc(c5C4)cn[nH]5)O,1.0
COC1(C(=O)N(C12)C(C(O)=O)=C(COC(N)=O)CS2)NC(Cc3sccc3)=O,1.0
COc1c(C(NC2C(=O)N(C23)C(C(O)=O)C(C)(C)S3)=O)c(OC)ccc1,1.0
CC(c1c(c2ccc1)cccc2)NCCCc3cc(C(F)(F)F)ccc3,0.0
CNNCc1ccc(C(NC(C)C)=O)cc1,1.0
CC(NC(C(c1ccc(O)cc1)O)C)COc2ccccc2,0.0
NC(C(F)=CN(C1OC(CO)SC1)C2=O)=N2,1.0
NC(Nc(c1C2=O)n(CCC(CO)CO)cn1)=N2,0.0
CCC(C1C(C)CCC2(OC3CC(OC(=O)C(C(O)(C4OC5)C5=CC=CC(C)C(OC6OC(C)C(OC7OC(C)C(O)C(OC)C7)C(OC)C6)C(C)=CC3)C=C(C)C4O)C2)O1)C,1.0
CN(N)C,1.0
CC(c1ccc(S(NC(NC2CCCCC2)=O)(=O)=O)cc1)=O,1.0
Cl[Cd]Cl,0.0
CC1NCCN(c2c(F)c(C)c(c3c2)C(=O)C(C(O)=O)=CN3C4CC4)C1,1.0
IC(I)I,1.0
CS(CCNCc1ccc(c2cc(c3cc2)c(Nc4cc(Cl)c(OCc5cc(F)ccc5)cc4)ncn3)o1)(=O)=O,1.0
CC(C1CCC(C(NC(C(O)=O)Cc2ccccc2)=O)CC1)C,1.0
CC(OC(N)=O)C[N+](C)(C)C,0.0
[N]O,0.0
NC(CS(C(c1ccccc1)c2ccccc2)=O)=O,1.0
CCOCCO,1.0
CCOc1c(C(O)=O)ccc(CC(NC(c2c(N3CCCCC3)cccc2)CC(C)C)=O)c1,0.0
CC(C1C(C)(C2CC1)CCC(C23)C(C)(C4CC3)CCC(O)C4)CCC(O)=O,1.0
CC(NC(C1C(C)(C2CC1)CCC(C23)C(C)(C4CC3)C=CC(=O)N4)=O)(C)C,0.0
CN(Cc1ccc(CSCCNC(NCc2cc(c3cc2)OCO3)=C[N+]([O-])=O)o1)C,1.0
Clc1ccc(COC(c2c(Cl)cc(Cl)cc2)Cn3cncc3)cc1,0.0
NC(NC(Cc1ccccc1)=O)=O,1.0
COc1ccc(CCN2CCC(Nc3n(Cc4ccc(F)cc4)c(c5n3)cccc5)CC2)cc1,0.0
OC(C(C(=O)c(c1N2C3CC3)cc(F)c(N4CCNCC4)c1)=C2)=O,1.0
Cc1c(C(c2ccc(Cl)cc2)=O)n(C)c(CC(O)=O)c1,0.0
Cc1n(CCO)c([N+](=O)[O-])cn1,1.0
CN(C(C)=O)C,1.0
CC[N+](CCOC(C1c(c2Oc(c13)cccc3)cccc2)=O)(CC)C,0.0
CC1(C(C)(C2CC1)CCC(C23)C(C)(C4CC3)COC(=O)C4)O,1.0
Nc1cc(O)c(C(O)=O)cc1,1.0
OC(CN(CCN(CC(O)=O)CC(O)=O)CCN(CC(O)=O)CC(O)=O)=O,1.0
Cc1ccc(C(c2ncccc2)=CCN3CCCC3)cc1,0.0
COC(NC(C(C)(C)C)C(NC(C(CN(NC(C(C(C)(C)C)NC(OC)=O)=O)Cc1ccc(c2ncccc2)cc1)O)Cc3ccccc3)=O)=O,1.0
CC(CC(CC(O)=O)CN)C,0.0
CC(C(NCC(O)=O)=O)S,1.0
O=C(c1ccc(OCCCCc2ccccc2)cc1)Nc3cc(c4cc3)OC(c5n[nH]nn5)=CC4=O,1.0
CC(NCC1Nc(c2CC1)cc([N+](=O)[O-])c(CO)c2)C,1.0
CC(C(O)=O)(Cc1ccc(O)cc1)N,0.0
CN(S(c1cc(c2cc1)N(CCCN3CCC(CCO)CC3)c(c4S2)cccc4)(=O)=O)C,1.0
OC1C(C2(c(c3c(O)cc4)c4C5)C(C5N(CC6CCC6)CC2)(O)CC1)O3,0.0
NC(N)=O,0.0
Cc1c(c2c(O)c(Br)c1)cccn2,1.0
CN(c1c(I)c(C(NC(C(CO)O)CO)=O)c(I)c(C(NC(C(CO)O)CO)=O)c1I)C(CC(N(c2c(I)c(C(NC(C(CO)O)CO)=O)c(I)c(C(NC(C(CO)O)CO)=O)c2I)C)=O)=O,0.0
ClC(Cl)(Cl)Cl,1.0
CCCCCOc1ccc(c2cc(c3ccc(C(NC4C(=O)NC(C(O)C)C(=O)N(C5C(=O)NC(C(C(c6cc(OS(O)(=O)=O)c(O)cc6)O)O)C(=O)NC(C(CC(N)=O)O)C(=O)N(C7C(=O)NC(O)C(O)C4)CC(C)C7O)CC(O)C5)=O)cc3)no2)cc1,1.0
OC(C1NCC(C2CCCCC2)C1)=O,1.0
CN(CCOc1ccc(C(c2ccccc2)=C(c3ccccc3)CCCl)cc1)C,1.0
CC1C(C2(C)C(F)(C3C1)C(O)CC(C)(C34)C(C(C)=O)(O)CC4)=CC(=O)C=C2,0.0
OC1C(O)C(O)C(O)OC1,0.0
Cc1ccc(S(NC(NN2CCCCCC2)=O)(=O)=O)cc1,1.0
CC(C1C(=O)NC(C(NC(C(N)=O)C(O)C)=O)CSSCC(NC(C(Cc2cc(c3cc2)cccc3)N)=O)C(=O)NC(Cc4ccc(O)cc4)C(=O)NC(Cc5c(c6[nH]c5)cccc6)C(=O)NC(CCCCN)C(=O)N1)C,0.0
CC(C=C(C1CCCCC1)N(O)C2=O)=C2,0.0
S=P(N1CC1)(N2CC2)N3CC3,0.0
CC(N(C(C)C)CCC(c1c(O)ccc(C)c1)c2ccccc2)C,0.0
CN(c1ccc(C(c2ccc(N(C)C)cc2)=C3C=CC(=[N+](C)C)C=C3)cc1)C,0.0
CC1(OC(C(CO)=O)(C2O1)C(C)(C3C2)CC(O)C(C34)C(C)(C(=C5)CC4)C=CC5=O)C,0.0
CC(CN1CCN(CC(O)=O)CCN(CC(O)=O)CCN(CC(O)=O)CC1)O,0.0
CC1(OC(C(CO)=O)(C2O1)C(C)(C3C2)CC(O)C(C34)C(C)(C(=C5)C(F)C4)C=CC5=O)C,0.0
CCCCNc1ccc(C(OCCOCCOCCOCCOCCOCCOCCOCCOCCOC)=O)cc1,0.0
CCC1(c2ccc(N)cc2)C(=O)NC(=O)CC1,1.0
ONC(CCCCCCC(Nc1ccccc1)=O)=O,0.0
CC(C(=O)C(C)=C(C(c1ccccc1)CCCCCC(O)=O)C2=O)=C2C,1.0
CON=C(c1nc(N)sc1)C(NC2C(=O)N(C23)C(C(O)=O)=C(CSc4sc(CC(O)=O)c(C)n4)CS3)=O,1.0
CCc1c(c2ccc1)[nH]c(c23)C(CC(O)=O)(CC)OCC3,1.0
CC(c1c(OCOP(O)(O)=O)c(C(C)C)ccc1)C,0.0
CCCCN1C(C(Nc2c(C)cccc2C)=O)CCCC1,0.0
CC1(C(C(CO)=O)(O)CC2)C2C3C(C(C)(C(=C4)CC3)C=CC4=O)C(=O)C1,0.0
CCOC(C1(c2ccccc2)CCN(CCC(c3ccccc3)(c4ccccc4)C#N)CC1)=O,0.0
C[N+](C1c(c2c(c13)cccc3)cccc2)(CCCCCC[N+](C4c(c5c(c46)cccc6)cccc5)(C)C)C,0.0
CN(C1C(=O)C(=C(O)N)C(=O)C(O)(C12)C(=O)C(=C3O)C(C(O)(C)c(c34)cccc4O)C2)C,1.0
CN1C2C(C3(c(c4C2)cc(O)cc4)CC1)CCCC3,0.0
CNC(NCCSCc1ccc(CN(C)C)o1)=C[N+](=O)[O-],1.0
OC(c1c(Nc2cc(C(F)(F)F)ccc2)nccc1)=O,1.0
O=C(c1c(c2[nH]c1)cccc2)OC3CC(N4C5C3)CC(C(=O)C4)C5,1.0
COC1C(OC(C)=O)C(C)OC(OC2C(C)C(=O)OC(C)C(C)C(OC(C)=O)C(C)C(=O)C3(OC3)CC(C)C(OC4C(OC(C)=O)C(N(C)C)CC(C)O4)C2C)C1,1.0
COC1C(C(OC)=O)C(C2CC1OC(c3cc(OC)c(OC)c(OC)c3)=O)CC(N4C2)c5c(c(c6[nH]5)cccc6)CC4,0.0
Nc1nc(N)c(N=Nc2ccccc2)cc1,0.0
Clc1c(Cl)c(N2CCN(CCCCOc3cc(c4cc3)NC(=O)CC4)CC2)ccc1,0.0
Clc1ccc(CSc2ccc(Cl)cc2)cc1,1.0
CN1CC2N(c(c3Cc(c24)cccc4)nccc3)CC1,1.0
Oc1cc2c(C3(c(c4C(=O)O3)cccc4)c(c5O2)ccc(O)c5)cc1,0.0
Cc1nc(N2CCN(CCO)CC2)cc(Nc3sc(C(Nc4c(Cl)cccc4C)=O)cn3)n1,1.0
S=C1c(c2NC=N1)[nH]cn2,1.0
CCC(N(C1(C(OC)=O)CCN(CCC(OC)=O)CC1)c2ccccc2)=O,0.0
CC(C(Nc1cc(C(F)(F)F)c(C#N)cc1)=O)(CS(c2ccc(F)cc2)(=O)=O)O,1.0
Cc1cc(OCCCC(C(O)=O)(C)C)c(C)cc1,1.0
NC(Nc(c1C2=O)n(COC(CO)CO)cn1)=N2,1.0
CCC(C1C(=O)N(C2C(O)(N13)OC(C(C)C)(NC(C4CN(C)C5C(c(c(c6[nH]c7)c7C5)ccc6)C4)=O)C3=O)CCC2)(C)C,0.0
Fc1c(C(c(c2N(CC(F)(F)F)C(=S)C3)cc(Cl)cc2)=N3)cccc1,0.0
Clc1cc(c2cc1)CCc(c3C2=C4CCNCC4)cccn3,1.0
Nc1scc(C(C(NC2C(=O)N(C23)C(C(O)=O)=CCS3)=O)=CCC(O)=O)n1,1.0
CC(C1C(=O)N(C12)C(C(O)=O)=C(SC3CC(C(Nc4cc(C(O)=O)ccc4)=O)NC3)C2C)O,1.0
CCc1c(C(c2cc(Br)c(O)c(Br)c2)=O)c(c3o1)cccc3,1.0
CC(C(O)=O)(ON=C(c1nc(N)sc1)C(NC2C(=O)N(C23)C(C(O)=O)=C(C[n+]4ccccc4)CS3)=O)C,1.0
CC(c1ccc(C(CCCN2CCC(C(c3ccccc3)(c4ccccc4)O)CC2)O)cc1)(C(O)=O)C,0.0
CC1(C(C#C)(O)CC2)C2C3C(C(C(=C4)CC3)CCC4=O)CC1,0.0
NC(C=CN(C1OC(CO)CC1)C2=O)=N2,1.0
CCCCOc1nc(c2c(C(NCCN(CC)CC)=O)c1)cccc2,0.0
COc1ccc(CC(NCC(c2cc(NC=O)c(O)cc2)O)C)cc1,0.0
CN(C(C(c1ccccc1)(c2ccccc2)CCN3CCC(c4ccc(Cl)cc4)(O)CC3)=O)C,0.0
COC(C(C(c1c(c2ccc1)non2)C(C(OC(C)C)=O)=C(C)N3)=C3C)=O,1.0
CN(Cc1c(c2ccc1)cccc2)CC=CC#CC(C)(C)C,1.0
Oc1c(c2ccc1)nccc2,0.0
NCCCC(C(O)=O)(C(F)F)N,0.0
CC(OCC(CSC1N2C(=O)C1NC(Cc3sccc3)=O)=C2C(O)=O)=O,1.0
CCC(OC1(C(CCl)=O)C(C)(C2CC1C)CC(O)C(F)(C23)C(C)(C(=C4)CC3)C=CC4=O)=O,0.0
CN(C=O)C,1.0
COc1c(OC)c(OC)cc(CC2[N+](CCCOC(CCC(OCCC[N+]3(C(Cc4cc(OC)c(OC)c(OC)c4)c(c5CC3)c(OC)c(OC)c(OC)c5)C)=O)=O)(C)CCc6c2c(OC)c(OC)c(OC)c6)c1,0.0
COc1c(OC)c(CS(c2[nH]c(c3n2)cc(OC(F)F)cc3)=O)ncc1,1.0
Cc1n(c2nn1)c(c3C(c4ccccc4)=NC2)ccc(Cl)c3,1.0
CNC1C(OC2C(C=O)(O)C(C)OC2OC3C(N=C(N)N)C(O)C(N=C(N)N)C(O)C3O)OC(CO)C(O)C1O,0.0
CCC1(c2ccccc2)C(=O)N(C)C(=O)NC1=O,1.0
NC(C(c1ccccc1)(c2ccccc2)C3CN(CCc4cc(c5cc4)CCO5)CC3)=O,0.0
CC1NCCN(c2c(F)cc(c3c2)C(=O)C(C(O)=O)=CN3c4c(F)cc(F)cc4)C1,1.0
NC(N)=NC(c1c(N)nc(N)c(Cl)n1)=O,1.0
CC(CN1c(c2CCc(c13)cccc3)cccc2)CN(C)C,1.0
Nc1c2c(n(C3C(F)C(O)C(CO)O3)cn2)nc(Cl)n1,1.0
CCNC(C1N(C(C(NC(C(C(C)C)NC(C(C(C)C)NC(C(NC(C(NC(C(NC(C(NC(C2NC(=O)CC2)=O)Cc3[nH]cnc3)=O)Cc4c(c5[nH]c4)cccc5)=O)CO)=O)Cc6ccc(O)cc6)=O)=O)=O)CCCN=C(N)N)=O)CCC1)=O,1.0
CCCN(C1Cc(c2CC1)cccc2O)CCc3sccc3,0.0
OC(C(C(=O)C=CC1=NNc2ccc(S(Nc3ncccc3)(=O)=O)cc2)=C1)=O,1.0
CNS(Cc1cc(c2cc1)c(CCN(C)C)c[nH]2)(=O)=O,0.0
CN(c1ncccc1)CCOc2ccc(CC3C(=O)NC(=O)S3)cc2,1.0
CCOC(C1(c2ccccc2)CCN(CCc3ccc(N)cc3)CC1)=O,0.0
ClCCN(P1(OCCCN1)=O)CCCl,1.0
Cc1c(CC(NCC2)=N2)c(C)c(O)c(C(C)(C)C)c1,0.0
CN(CCOC(c1ncccc1)c2ccc(Cl)cc2)C,0.0
Cc1cc(CN2CCN(C(c3ccc(Cl)cc3)c4ccccc4)CC2)ccc1,0.0
CNC(C(NC1C(=O)NC(CC(N)=O)C(=O)NC(c(cc23)cc(c2OC4C(OC5OC(C)C(O)C(N)(C)C5)C(O)C(O)C(CO)O4)Oc(c(cc6C1O)Cl)cc6)C(=O)NC7C(=O)NC(C(=O)NC(C(O)=O)c(c8c(cc79)c(O)cc9)cc(O)cc8O)C(O)c(cc(Cl)c%10O3)cc%10)=O)CC(C)C,1.0
OC(C(C(C(O)=O)S)S)=O,1.0
CN(C1C(=O)C(=C(O)N)C(=O)C(O)(C12)C(=O)C(C3C2)=C(O)c(c4C3O)c(O)ccc4Cl)C,1.0
NCC1C(O)C(O)C(N)C(OC2C(CO)OC(OC3C(OC4C(N)C(O)C(O)C(CN)O4)C(N)CC(N)C3O)C2O)O1,0.0
OC(C1(C(O)=O)CCC1)=O,1.0
OC(C1C(=O)Nc(c2C(c3ccccc3)=N1)ccc(Cl)c2)=O,1.0
CN1c2c(n(C)cn2)C(=O)N(CCCCC(C)=O)C1=O,1.0
NNc1c(c2c(NN)nn1)cccc2,1.0
Cc1c([N+]([O-])=O)cc([N+]([O-])=O)cc1[N+]([O-])=O,1.0
OCCNC(Cn1c([N+](=O)[O-])ncc1)=O,1.0
CCCCc1n(Cc2ccc(C(O)=O)cc2)c(C=C(C(O)=O)Cc3sccc3)cn1,0.0
COC(C(C(c1cc([N+](=O)[O-])ccc1)C(C(OCCN(Cc2ccccc2)C)=O)=C(C)N3)=C3C)=O,0.0
CN1c(c2C(c3ccccc3)=NCC1=O)ccc(Cl)c2,1.0
Cc1ccc(S(NC(NN2CC(C3C2)CCC3)=O)(=O)=O)cc1,0.0
COc1c(c2c(c3c1)C(C4O3)C=CO4)C5=C(C(=O)CC5)C(=O)O2,1.0
CS(Nc1c(Oc2ccccc2)cc([N+]([O-])=O)cc1)(=O)=O,1.0
CC(C(C(NCCCO)=O)O)(CO)C,0.0
CCC1(c2ccccc2)C(=O)NC(=O)NC1=O,1.0
COC(C(C(c1cc([N+]([O-])=O)ccc1)C(C(OCCN(Cc2ccccc2)C)=O)=C(C)N3)=C3C)=O,1.0
CCCCc1c(C(c2cc(I)c(OCCN(CC)CC)c(I)c2)=O)c(c3o1)cccc3,1.0
Oc1ccccc1,1.0
FC(Oc1ccc(NN=C(C#N)C#N)cc1)(F)F,1.0
CCC1C(C)(C2C(C)C(=O)C(C)CC(OC)(C)C(OC3C(O)C(N(C)C)CC(C)O3)C(C)C(=O)C(C)C(=O)O1)OC(=O)N2CCCCn4cc(c5cnccc5)nc4,1.0
CC1C(P(O)(O)=O)O1,1.0
CC(N(Cc1ccccc1)CCCl)COc2ccccc2,0.0
NC(C(O)=O)C1ON=C(Cl)C1,0.0
CCN(CCNc1c(c2c(CO)cc1)C(=O)c(c3S2)cccc3)CC,1.0
CCOC(C(O)=O)Cc1ccc(OCCN2c(c3Oc(c24)cccc4)cccc3)cc1,0.0
CC(Oc1ccc(C2(c3ccc(OC(C)=O)cc3)c(c4N(C(C)=O)C2=O)cccc4)cc1)=O,1.0
NC(C(O)=O)Cc1cc(O)c(O)cc1,0.0
OC(P(O)(O)=O)=O,0.0
CCN(CCCN(c1ccccc1)C2Cc(c3C2)cccc3)CC,1.0
Nc1c(c2nc(c13)CCCC3)cccc2,1.0
CN(CCOC(c1ncccc1)(c2ccccc2)C)C,0.0
CC(OCC(COC(C)=O)CCn1c(c2nc1)nc(N)nc2)=O,1.0
CC(C(=O)c(c1O2)cccc1C(OCCN3CCCCC3)=O)=C2c4ccccc4,0.0
CCCCNc1c(Oc2ccccc2)c(S(N)(=O)=O)cc(C(O)=O)c1,1.0
CCCC(C1(C(=O)NC(=O)NC1=O)CC=C)C,0.0
CN(Cc1c(c2ccc1)cccc2)Cc3ccc(C(C)(C)C)cc3,0.0
ClC(C(c1c(Cl)cccc1)c2ccc(Cl)cc2)Cl,0.0
[O-][N+](OC1C(C2OC1)OCC2O[N+]([O-])=O)=O,0.0
CC(C(C(O)=O)N)(S)C,1.0
CCC(CC(CCCCCCCCC(NC1C(=O)NC(C(O)C)C(=O)N(C2C(=O)NC(C(C(c3ccc(O)cc3)O)O)C(=O)NC(C(CCN)O)C(=O)N(C4C(=O)NC(NCCN)C(O)C1)CCC4O)CC(O)C2)=O)C)C,1.0
COC(C(=O)C(C)=C(CC=C(CCC=C(CCC=C(CCC=C(CCC=C(CCC=C(CCC=C(CCC=C(CCC=C(CCC=C(C)C)C)C)C)C)C)C)C)C)C)C1=O)=C1OC,1.0
COc1ccc(CC(C(NC2C(O)C(n3c(c4nc3)ncnc4N(C)C)OC2CO)=O)N)cc1,1.0
CCN(C(C(c1ccccc1)=O)C)CC,0.0
CN1C(COC(C(c2ccccc2)(C3CCCCC3)O)=O)=NCCC1,0.0
CCl,1.0
CCOC(C(NC(C(N1C(=O)N(C)CC1C(O)=O)=O)C)CCc2ccccc2)=O,1.0
COCCCCC(c1ccc(C(F)(F)F)cc1)=NOCCN,0.0
NC(Nc(c1C2=O)ncc(CNc3ccc(C(NC(C(O)=O)CCC(O)=O)=O)cc3)n1)=N2,0.0
COC1C(C(OC)=O)C(C2CC1OC(c3cc(OC)c(OC)c(OC)c3)=O)CC(N4C2)c5c(c(c6[nH]5)ccc(OC)c6)CC4,0.0
CCCCC(N(Cc1ccc(c2c(c3n[nH]nn3)cccc2)cc1)C(=O)C45CCCC4)=N5,1.0
COC1(C(=O)N(C12)C(C(O)=O)=C(CSc3n(CCO)nnn3)CO2)NC(CSC(F)F)=O,1.0
COc1c(Nc2c(c3nc(c24)cccc4)cccc3)ccc(NS(C)(=O)=O)c1,1.0
CCCCN1C(CO)C(O)C(O)C(O)C1,0.0
CC1C(O)C(O)CC(OC2C(C)OC(OC3C(C)OC(OC4CC5C(C6C(C(O)(C7(C)CC6)CCC7C(COC8=O)=C8)CC5)(C)CC4)CC3O)CC2O)O1,0.0
NS(c1c(Cl)cc2c(S(=O)(=O)NC(C(Cl)Cl)N2)c1)(=O)=O,0.0
CC(C(N1C(C(O)=O)CC(Sc2ccccc2)C1)=O)CSC(c3ccccc3)=O,1.0
CC(C1C(=O)N(C12)C(C(O)=O)=C(SC3CC(CNS(N)(=O)=O)NC3)C2C)O,1.0
CC(NCC(COc1c(c2ccc1)SCCC2)O)(C)C,0.0
CCCN(CCc1c(c2ccc1)CC(=O)N2)CCC,0.0
NC(C=CN(C1C(F)(F)C(O)C(CO)O1)C2=O)=N2,1.0
Nc1ccc(Cc2ccc(N)cc2)cc1,1.0
CCC1C(=O)CC(O)C(C)C(C(C)=CC2CC(OC)C(Cl)CC2)OC(=O)C(N3C(=O)C(=O)C4(O)OC(C(OC)CC4C)C(OC)CC(C)CC(C)=C1)CCCC3,0.0
COC(C(=O)C=C1C(c(c2CCC1NC(C)=O)c(OC)c(OC)c(OC)c2)=C3)=C3,0.0
COc1cc(C(C(N)C)O)c(OC)cc1,0.0
COC(C(C(c1c([N+](=O)[O-])cccc1)C(C(OC)=O)=C(C)N2)=C2C)=O,1.0
Nc1ccc(S(Nc2ncccn2)(=O)=O)cc1,0.0
ClCCNP1(N(CCCl)CCCO1)=O,1.0
CC(OC1C(N2CCCCC2)CC(C)(C3C1)C4C(C5C(C(OC(C)=O)C([N+]6(CCCCC6)C)C5)(C)CC4)CC3)=O,0.0
CC1Oc(c2O1)cc(C(C)(C)C)cc2,0.0
CN(CCC=C1c(c2CCc(c13)cccc3)cccc2)C,0.0
CC(CC(OC1C(OS(O)(=O)=O)C(OS(O)(=O)=O)C(CO)OC1OC2CC(C)(C3C(C(O)=O)C2)C(C(C(O)C4=C)(CC45)CC3)CC5)=O)C,1.0
O=C1N(CCCCN2CCN(c3ncccn3)CC2)C(=O)CC4(CCCC4)C1,0.0
CC(C=C1C(=O)N(CC(O)=O)C(=S)S1)=Cc2ccccc2,1.0
Cc1c(c2ncc1)NC(=O)c(c3N2C4CC4)cccn3,1.0
CCOC(N1C(=S)N(C)C=C1)=O,1.0
CCCCOCC(OC(N)=O)CN1C(=O)C(c2ccccc2)(CC)C(=O)N(CC(OC(N)=O)COCCCC)C1=O,1.0
CN(NN=C1C(C(N)=O)=NC=N1)C,1.0
COc1c(c2cc(c13)C=CC(=O)O3)occ2,1.0
C1NC1,1.0
CCCC(C1(C(=O)NC(=S)NC1=O)CC)C,1.0
[O-][N+](c1ccc(c2ccc(C=NN3C(=O)NC(=O)C3)o2)cc1)=O,1.0
Cc1ccc(C(c2n(C)c(CC(O)=O)cc2)=O)cc1,1.0
OC(c1ccccc1)(C2CCCCC2)CCN3CCCC3,0.0
CC1(c2ccccc2)C(=O)c(c3C1)c(Cl)c(Cl)c(OCC(O)=O)c3,1.0
CC(Oc1c(c2ccc1)C(=O)c(c3C2=O)c(OC(C)=O)cc(C(O)=O)c3)=O,1.0
CCCl,1.0
C1SC(N2C1)=NC(c3ccccc3)C2,1.0
CC(CC1C(=O)NC(CCN)C(=O)NC(CCN)C(=O)NC(C(O)C)C(=O)NCCC(NC(C(NC(C(C(O)C)NC(C(NC(O)=O)CCN)=O)=O)CCN)=O)C(=O)NC(CCN)C(=O)NC(Cc2ccccc2)C(=O)N1)C,0.0
OC(c1ccccc1)(c2ccccc2)C(OC3CC([N+]4(CCCC4)C5C3)CC5)=O,0.0
NCCCNCCCCNC(C(NC(CCCCCCN=C(N)N)=O)O)=O,0.0
CCC(NC(C1C=C(C2N(C)C1)c(c(c3n(C)c4)c4C2)ccc3)=O)CO,0.0
CC(c(c1OC2=O)cc(c3c1C)cc(C)o3)=C2,0.0
COc1c(c2cc(F)c1N3CC(C)NCC3)N(C4CC4)C=C(C(O)=O)C2=O,1.0
OCC(C1C(O)=C(O)C(=O)O1)O,0.0
OC(c1c(c2n(Cc3c(Cl)cc(Cl)cc3)n1)cccc2)=O,1.0
CCN(CCNC(c1c(C)c(C=C2c(c3NC2=O)cc(F)cc3)[nH]c1C)=O)CC,1.0
CCCCOc1ccc(C(CCN2CCCCC2)=O)cc1,0.0
COC(CCc1c([nH]c2c1C)cc3nc(c(C)c3CCC(O)=O)cc4[nH]c(C(C)=C4C=C)cc5nc(C(C)(C5=C6)C(C(OC)=O)C(C(OC)=O)=C6)c2)=O,1.0
CN1C2C(c(c(c3[nH]c4)c4C2)ccc3)=CC(C(NC5(C(=O)N(C6(O)O5)C(Cc7ccccc7)C(=O)N(C68)CCC8)C)=O)C1,0.0
NC(c1ccccc1)C(NC2C(=O)N(C23)C(C(O)=O)=C(Cl)CS3)=O,1.0
OCC(CS)S,1.0
CN(CCOC(c1ccccc1)c2ccccc2)C,0.0
CCCOc1c(N)cc(C(OCCN(CC)CC)=O)cc1,0.0
NC(N(O)C(=N)N=C1N2CCCCC2)=C1,0.0
COc1c(cc2cc1)Oc3cc(c4cc3OC)C([N+](C)(C)CC4)Cc(ccc5Oc(c(c67)C([N+](C)(C)CC6)C2)c(OC)c(OC)c7)cc5,0.0
CN1CCN(C(Nc(c23)cccc2)=C4C(=N3)SC(C)=C4)CC1,1.0
CCN(CCOC(c1ccc(N)cc1)=O)CC,0.0
CN(N=O)C,1.0
Cc1n(c2cn1)c(c3C(c4c(F)cccc4)=NC2)ccc(Cl)c3,0.0
CCC(NCCC1c(c2CC1)c(c3cc2)CCO3)=O,0.0
CC(NCC(c1nc(CO)c(O)cc1)O)(C)C,0.0
CN=C1N=C(C2=C(c3ccccc3)N(O)C1)C=CC(Cl)=C2,1.0
CCN1c(c2C(=O)C(C(O)=O)=C1)cc(N3CCN(C)CC3)c(F)c2,1.0
NNc1c(c2cnn1)cccc2,1.0
CCCCCCCN(CCCC(c1ccc(NS(C)(=O)=O)cc1)O)CC,0.0
CC1(C(C(O)=O)N(C2S1)C(=O)C2N=CN3CCCCCC3)C,1.0
COc1c(c(C2(C3C(O)C=C4)C4C(N(C)CC2)C5)c5cc1)O3,0.0
ClC(Cl)=C,1.0
Cc1c(C(NC2C(=O)N(C23)C(C(O)=O)C(C)(C)S3)=O)c(c4c(Cl)cccc4Cl)no1,1.0
CCN1C(=O)N(CCN2CCC(N(c3ccccc3)C(CC)=O)(COC)CC2)N=N1,0.0
COC(C(C(c1c([N+](=O)[O-])cccc1)C(C(OCC(C)C)=O)=C(C)N2)=C2C)=O,0.0
NS(c1c(C(F)(F)F)cc2c(S(=O)(=O)NCN2)c1)(=O)=O,0.0
OC(c1ccc(F)cc1)CCC2C(=O)N(c3ccc(F)cc3)C2c4ccc(O)cc4,1.0
NC(C1CCN(CCCN2c(c3Sc(c24)cccc4)cc(Cl)cc3)CC1)=O,1.0
CN1CCN(C(c2ccccc2)c3ccccc3)CC1,0.0
NC1C(N)CCCC1,1.0
CN1CCN(CCCN2c(c3Sc(c24)cccc4)cccc3)CC1,1.0
CNC(CN(CC(O)=O)CCN(CC(O)=O)CCN(CC(NC)=O)CC(O)=O)=O,0.0
CSCCC(C(NC(C(NC(C(N)=O)Cc1ccccc1)=O)CC(O)=O)=O)NC(C(NC(CCNC(OCC(C)C)=O)=O)Cc2c(c3[nH]c2)cccc3)=O,0.0
CN1C(C2C(c(c3O4)c5ccc3O)(C4C(O)C=C2)CC1)C5,0.0
COc1cc(c2cc1)C3(C4C(N(C)CC3)C2)CCCC4,0.0
CN1C2C(c(c(c3n(C)c4)c4C2)ccc3)CC(CNC(OCc5ccccc5)=O)C1,1.0
Oc1c(Sc2c(O)c(Cl)cc(Cl)c2)cc(Cl)cc1Cl,1.0
CC[N+](CCC(c1ccccc1)(C2CCCCC2)O)(CC)CC,0.0
CC(CSC1N2C(=O)C1NC(C(C(CC=CC3)=C3)N)=O)=C2C(O)=O,0.0
CC1(C(C(O)=O)N(C2S1)C(=O)C2NC(C(c3ccccc3)N)=O)C,1.0
CC(Nc(c1S2(=O)=O)ccc(Cl)c1)=N2,1.0
CCOC(C(NC1C(=O)N(CC(O)=O)c(c2CC1)cccc2)CCc3ccccc3)=O,1.0
COCc1c(c2ccc(F)cc2)c(C=CC(CC(CC(O)=O)O)O)c(C(C)C)nc1C(C)C,1.0
CCC(N(CCOc1ccccc1)C(=O)N2CCCN3CCN(c4cc(Cl)ccc4)CC3)=N2,1.0
CN(C1C(=O)C(C(N)=O)=C(O)C(O)(C12)C(=O)C(=C3O)C(C(O)(C)c(c34)c(Cl)ccc4O)C2)C,1.0
CN1CCC(N2C(=O)c(c3C(Cc4ccc(Cl)cc4)=N2)cccc3)CCC1,0.0
Oc1c(c(C(C(O)(C2C3)CCC4=C)(C45)CCN2CC6CC6)c3cc1)O5,0.0
CCCN1C2C(c(c(c3[nH]c4)c4C2)ccc3)CC(CSC)C1,0.0
OCCOCCN1CCN(C(c2ccc(Cl)cc2)c3ccccc3)CC1,0.0
CC(NC1C(N=C(N)N)C=C(C(O)=O)OC1C(C(CO)O)O)=O,0.0
CC(CN(S(c1ccc(N)cc1)(=O)=O)CC(C(NC(OC2C(C3OC2)CCO3)=O)Cc4ccccc4)O)C,1.0
CCOC(c1ccc(OC(CCCCCN=C(N)N)=O)cc1)=O,1.0
Cc1c(N2CCN(CCc3n(c4nn3)CCCC4)CC2)cccc1,0.0
CN(CCCC1c(c2Nc(c13)cccc3)cc(Cl)cc2)C,1.0
COCC(CSC1N2C(=O)C1NC(C(c3nc(N)sc3)=NOC)=O)=C2C(OC(OC(OC(C)C)=O)C)=O,0.0
NC(N)=Nc1scc(CSCCN=CNS(c2ccc(Br)cc2)(=O)=O)n1,1.0
CCOC(CNC(C(N1C(C(NCc2ccc(C(N)=NO)cc2)=O)CC1)=O)C3CCCCC3)=O,1.0
CC(C(C(NC(Cc1ccccc1)CC(C(NC(OCc2scnc2)=O)Cc3ccccc3)O)=O)NC(N(Cc4nc(C(C)C)sc4)C)=O)C,1.0
COc1c(OCCCN2CCOCC2)cc(c3c1)c(Nc4cc(Cl)c(F)cc4)ncn3,1.0
CCCCCC(C=CC1C(CCCCCCC(O)=O)C(=O)CC1O)O,0.0
CC(C(N1C=C2)=NC=C(c3n[nH]nn3)C1=O)=C2,1.0
CC(C=CC=C(C=CC(C(C)(C)CCC1)=C1C)C)=CCO,0.0
CC1C(NC2C(O)C(O)C(O)C(CO)=C2)C(O)C(O)C(OC3C(CO)OC(OC4C(CO)OC(O)C(O)C4O)C(O)C3O)O1,1.0
CC(c1cnccc1)(C(c2cnccc2)=O)C,0.0
N1c(c2Sc(c13)cccc3)cccc2,1.0
Oc1c(O)c(O)c(C(c2cc(O)c(O)c(O)c2)=O)cc1,1.0
CN1S(=O)(=O)c(c2C(=O)C1=C(Nc3sc(C)cn3)O)cccc2,1.0
COc1c(O)ccc(CNC(CCCCC=CC(C)C)=O)c1,0.0
CC(C(N1C(C(NC(C(O)=O)Cc2ccccc2)=O)CCC1)=O)CSC(C)=O,1.0
CC(c1n(CCC(CC(CC(O)=O)O)O)c(c2ccc(F)cc2)c(c3ccccc3)c1C(Nc4ccccc4)=O)C,1.0
CCOC(c1cnc(C#Cc2cc(c3cc2)C(C)(C)CCS3)cc1)=O,0.0
CC(c1cc(c2cc1)C(=O)c(c3O2)cc(C(O)=O)c(N)n3)C,0.0
C1Cc(c2C(C(NCC3)=N3)C1)cccc2,0.0
CC(C1(C(C)(C2CC1)CCC(C23)C(C)(C(=C4)C(Cl)=C3)C(C5C4=O)C5)O)=O,1.0
NS(c1c(Cl)cc(NCc2ccco2)c(C(O)=O)c1)(=O)=O,1.0
CN(CCc1ccc(NS(C)(=O)=O)cc1)CCOc2ccc(NS(C)(=O)=O)cc2,0.0
CC[N+](CCOc1c(OCC[N+](CC)(CC)CC)c(OCC[N+](CC)(CC)CC)ccc1)(CC)CC,0.0
CS(C)=O,0.0
Cc1c[nH]nc1,1.0
CC(N1CCN(c2ccc(OCC3OC(c4c(Cl)cc(Cl)cc4)(Cn5ncnc5)OC3)cc2)CC1)C,0.0
CCC(C(OC1C(C2=CC(O)C1)C(CCC(CC(CC(O)=O)O)O)C(C)C=C2)=O)C,1.0
CCC1Nc(c2C(=O)N1)cc(Cl)c(S(N)(=O)=O)c2,1.0
Cc1c(C(NC(C(CN2C(C(NC(C)(C)C)=O)CC(C3C2)CCCC3)O)CSc4ccccc4)=O)cccc1O,1.0
Clc1c(CN2Cc(c3CC2)ccs3)cccc1,1.0
Cc1c(Cl)c(Nc2c(C(O)=O)cccc2)c(Cl)cc1,1.0
CC(C(Nc1cc(C(F)(F)F)c([N+]([O-])=O)cc1)=O)C,1.0
C1c(c2C=C1)cccc2,1.0
Cc1c(C)c(NS(c2ccc(N)cc2)(=O)=O)on1,1.0
CN(C(c1c(I)c(C(N(CC(CO)O)C)=O)c(I)c(NC(C(CO)CO)=O)c1I)=O)CC(CO)O,0.0
ClC(Cl)Cl,1.0
CN1C(=S)NC=C1,1.0
CN(CCOC(C(C1(CCCC1)O)c2ccccc2)=O)C,0.0
CC(N1CCN(c2ccc(OCC3OC(c4c(Cl)cc(Cl)cc4)(Cn5cncc5)OC3)cc2)CC1)=O,1.0
COC1C(OC(C(CO)(CO)C)=O)CCC(CC(C2OC(=O)C(N3C(=O)C(=O)C(OC4CC(OC)C(C)=CC=CC=CC(C)CC(C)C(=O)C(OC)C(O)C(C)=CC(C)C(=O)C2)(O)C(C)CC4)CCCC3)C)C1,1.0
CC(C(=O)NC(=O)N1C2OC(CO)C(N=[N+]=[N-])C2)=C1,1.0
Oc1ccc(Br)cc1,1.0
CNC(ON=C(SC)C)=O,1.0
CC1(C(C#C)(O)CC2)C2C3C(c(c4CC3)ccc(OC5CCCC5)c4)CC1,1.0
COc1ccc(C2C(=O)c(c3C2=O)cccc3)cc1,0.0
CC(CC1C(=O)N(C2C(O)(N13)OC(C(C)C)(NC(C4C=C(C5N(C)C4)c(c(c6[nH]c7Br)c7C5)ccc6)=O)C3=O)CCC2)C,0.0
CC[N+](Cc1c(Cl)cccc1)(CCNC(C(NCC[N+](Cc2c(Cl)cccc2)(CC)CC)=O)=O)CC,0.0
CN(c1cc2c([n+](C)c(C=Cc3c(C)n(c4ccccc4)c(C)c3)cc2)cc1)C,0.0
CC(OC(CCCC=CCC1C(CCC(CCc2ccccc2)O)C(O)CC1O)=O)C,0.0
OC(CCNC(c1ccc(NN=C2C=C(C(O)=O)C(=O)C=C2)cc1)=O)=O,0.0
CC(C1(C)CC2)(C2CC1=O)C,1.0
OCC(COC(c1c(Nc2c(c3ncc2)ccc(Cl)c3)cccc1)=O)O,1.0
CC1C(C(CO)=O)(O)C(C)(C2C1)CC(O)C(Cl)(C23)C(C)(C(=C4)CC3)C=CC4=O,0.0
OCCCC(O)=O,0.0
COc1c(CC=C(CCC(O)=O)C)c(O)c(c2c1C)C(=O)OC2,1.0
CC(Oc1ccc(C(c2ccc(OC(C)=O)cc2)=C3CCCCC3)cc1)=O,1.0
ClC(C(SN1C(=O)C(C2C1=O)CC=CC2)(Cl)Cl)Cl,1.0
NCCC(C(NC1C(OC2C(O)C(N)C(O)C(CO)O2)C(O)C(OC3C(O)C(O)C(O)C(CN)O3)C(N)C1)=O)O,0.0
Cc1c(CCCl)scn1,1.0
CC(NC(=O)C(C#N)=C1)=C1c2ccncc2,1.0
CC(OC1(C2C(C(=O)C(O)C(C(C)(C)C3(O)C2OC(c4ccccc4)=O)=C(C)C(OC(C(C(c5ccccc5)NC(OC(C)(C)C)=O)O)=O)C3)(C)C(O)C6)C6OC1)=O,1.0
CC1C(C(CN2CCN(c3nc(N4CCCC4)nc(N5CCCC5)c3)CC2)=O)C(C)(C6C1)CC=C(C67)C(C)(C(=C8)CC7)C=CC8=O,1.0
Clc1cc(C(n2cncc2)c3cc(c4cc3)[nH]cn4)ccc1,1.0
Clc1c(CCN2CCN(c3c(c4sn3)cccc4)CC2)cc(c5c1)CC(=O)N5,1.0
OC(c1c(F)cc(F)cc1)(Cn2ncnc2)Cn3ncnc3,1.0
CC(N=C(N1C2=O)CCCC1)=C2CCN3CCC(c4c(c5on4)ccc(F)c5)CC3,1.0
Oc1c([N+]([O-])=O)cc([N+]([O-])=O)cc1,1.0
COc1c(c2ccc1)C(=O)c(c3C2=O)c(O)c(c4c3O)C(OC5OC(C)C(OC6OCCCC6)C(N)C5)CC(C(CO)=O)(O)C4,1.0
CC(CC(C(NC(C(N1C(C(NCC(N)=O)=O)CCC1)=O)CCCN=C(N)N)=O)NC(CNC(C(NC(C(NC(C(NC(C(NC(C2NC(=O)CC2)=O)Cc3[nH]cnc3)=O)Cc4c(c5[nH]c4)cccc5)=O)CO)=O)Cc6ccc(O)cc6)=O)=O)C,0.0
ClC1C(Cl)C(Cl)C(Cl)C(Cl)C1Cl,0.0
Oc1cc(O)ccc1,1.0
CC1C(C(CO)=O)(O)C(C)(C2C1)CC(O)C(C23)C(C)(C(=C4)CC3Cl)C=CC4=O,0.0
CC(NCCc1cc(O)c(O)cc1)CCc2ccc(O)cc2,0.0
CN(c1nc(Nc2cc(S(N)(=O)=O)c(C)cc2)ncc1)c3cc(c4cc3)nn(C)c4C,1.0
CC(C(C(NCCC(O)=O)=O)O)(CO)C,0.0
NS(c1c(Cl)cc2c(S(=O)(=O)N=C(CSCc3ccccc3)N2)c1)(=O)=O,0.0
CC1C(c2ccccc2)(C(O)=O)CCN(C3CCC(c4ccc(F)cc4)(C#N)CC3)C1,0.0
CC(OC(C)=O)C[N+](C)(C)C,0.0
CC(CN1c(c2Sc(c13)cccc3)cccc2)CN(C)C,1.0
Cc1c(CN2C(=O)c3c(n(C)c(c34)cccc4)CC2)nc[nH]1,0.0
CC1(C(=O)CC2)C2C3C(c(c4CC3)ccc(O)c4)CC1,1.0
COc1c(OC)cc(c2c1)C(=O)C(CC3CCN(Cc4ccccc4)CC3)C2,0.0
CSc1ccc(C(C(NC(=O)N2)=C2C)=O)cc1,1.0
CCSc1cc(c2cc1)N(CCCN3CCN(C)CC3)c(c4S2)cccc4,1.0
CCC1(C2=C(C(=O)N3C(c(c4C3)nc(c5c4)ccc(O)c5CN(C)C)=C2)COC1=O)O,0.0
CC(N(Cc1ccccc1)C)Cc2ccccc2,0.0
COc1c(OC)cc(C(N2CCN(c3cc(c4cc3)CCC(=O)N4)CC2)=O)cc1,1.0
CCC(NC(C1C=C(C2N(C)C1)c(c(c3[nH]c4)c4C2)ccc3)=O)CO,0.0
CCCCC(OCC(C1(Cc(c2C(OC3OC(C)C(O)C(NC(C(F)(F)F)=O)C3)C1)c(O)c(c4c2O)C(=O)c(c5C4=O)cccc5OC)O)=O)=O,0.0
CCCCC(N(C(C(O)=O)C(C)C)Cc1ccc(c2c(c3n[nH]nn3)cccc2)cc1)=O,0.0
Nc1c(c2ccc1)CN(C3C(=O)NC(=O)CC3)C2=O,1.0
Cc1n(c2nn1)c(c3C(c4c(Cl)cccc4)=NC2)ccc(Cl)c3,1.0
CC1(OC(C(CO)=O)(C2O1)C(C)(C3C2)CC(O)C(C34)C(C)(C(=C5)C(F)C4)CCC5=O)C,0.0
CC=CC(CSC1N2C(=O)C1NC(C(c3ccc(O)cc3)N)=O)=C2C(O)=O,1.0
CC1C(C2C3=C(CC(=O)CC3)C1)C4C(C(C#C)(O)CC4)(C)CC2,0.0
CC1(C(C)(C2CC1)CCC(C23)C(C)(C4CC3)CC(=CO)C(=O)C4)O,1.0
CC(c1sc(C(c2ccccc2)=O)cc1)C(O)=O,1.0
CN1C(Cc2c(c3[nH]c2)cc(CCS(c4ccccc4)(=O)=O)cc3)CCC1,0.0
CC(NC(C1N(CC(CC(C(NC2c(c3CC2O)cccc3)=O)Cc4ccccc4)O)CCN(Cc5cnccc5)C1)=O)(C)C,1.0
CC1C(c2ccccc2)OCCN1,0.0
CC1C(C(CO)=O)C(C)(C2C1)CC(O)C(F)(C23)C(C)(C(=C4)CC3)C=CC4=O,0.0
COc1cc(c2cc1)N(CC(CN(C)C)C)c(c3S2)cccc3,0.0
CC(OC1C(C(C)(C)C2(O)C(OC(c3ccccc3)=O)C(C4(C)C1=O)C(OC(C)=O)(C5CC4O)CO5)=C(C)C(OC(C(C(c6ccccc6)NC(c7ccccc7)=O)O)=O)C2)=O,1.0
CCNc1nc(NC(C)C)nc(Cl)n1,1.0
CCC(c1ccccc1)=C(c2ccc(OCCN(C)C)cc2)c3ccccc3,1.0
OC(COc1c(c2ccc1)C(=O)C=C(C(O)=O)O2)COc3cc(c4cc3)C(=O)C=C(C(O)=O)O4,0.0
CC(c1ccc(C(CCCN2CCC(C(c3ccccc3)(c4ccccc4)O)CC2)O)cc1)(C)C,0.0
CCC(C#C)(C=CCl)O,1.0
Clc1c(Cl)cccc1,1.0
NC(C(=O)NC=C1c2ccncc2)=C1,1.0
Nc1ccc(C(NCC(O)=O)=O)cc1,0.0
CN=C(NC#N)NCCSCc1c(C)[nH]cn1,0.0
CC(c1ccccc1)NN,1.0
CN1C(C2C(c(c3O4)c5ccc3O)(C4C(=O)CC2)CC1)C5,0.0
CC(NS(c1ccc(N)cc1)(=O)=O)=O,0.0
CC1C(C(CO)=O)(O)C(C)(C2C1)CC(O)C(F)(C23)C(C)(C(=C4)C(F)C3)C=CC4=O,0.0
OC(CCc1nc(c2ccccc2)c(c3ccccc3)o1)=O,1.0
O=C1NC(=O)C(N2C(=O)c(c3C2=O)cccc3)CC1,1.0
CCCNC(C(Nc1c(C)cccc1)=O)C,0.0
CCC(N1C(=O)N(c2ccc(N3CCN(c4ccc(OCC5OC(c6c(Cl)cc(Cl)cc6)(Cn7ncnc7)OC5)cc4)CC3)cc2)C=N1)C,1.0
OC(c1c(OC(c2c(O)cccc2)=O)cccc1)=O,1.0
CC(C#N)(O)C,1.0
CC(OCC(C1(C(C)(C2C3)CC(O)C(F)(C24)C(C)(C(=C5)C(F)C4)C=CC5=O)C3OC(C)(C)O1)=O)=O,0.0
CC1(C(C(O)=O)N(C2S1)C(=O)C2NC(C(c3ccccc3)C(O)=O)=O)C,1.0
CC1C(C(CO)=O)C(C)(C2C1)CC(O)C(Cl)(C23)C(C)(C(=C4)C(F)C3)C=CC4=O,0.0
O[Cr](O[Cr](O)(=O)=O)(=O)=O,1.0
CNC(C(c1ccccc1)O)C,0.0
CC(CSC1N2C(=O)C1NC(C(c3ccc(O)cc3)N)=O)=C2C(O)=O,1.0
COc1c(OC)c(OC)cc(NCc2c(C)c(c3cc2)c(N)nc(N)n3)c1,1.0
CNCCc1ncccc1,1.0
COC(C(c1ccccc1)C2NCCCC2)=O,1.0
CCCC(NC(=S)NC1=O)=C1,1.0
CC(c1ccc(C(c2sccc2)=O)cc1)C(O)=O,1.0
CCC(C1(C(C)(C2CC1C)CC(O)C(C23)C(C)(C(=C4)CC3)C=CC4=O)C)=O,0.0
OC(c1ccc(NC(C(NC(c2ccccc2)=O)Cc3ccc(O)cc3)=O)cc1)=O,0.0
CON=C(c1ccco1)C(NC2C(=O)N(C23)C(C(O)=O)=C(COC(N)=O)CS3)=O,1.0
Nc1c2c(n(C3C(O)C(O)C(CO)O3)cn2)ncn1,0.0
CC(Oc1c(C(O)=O)cccc1)=O,0.0
CN(CCCN1c(c2Sc(c13)cccc3)cccc2)C,1.0
COc1c(OC)cc(c2c1)c(N)nc(N3CCN(C(c4ccco4)=O)CC3)n2,1.0
CC(NCC(COc1c(c2ccc1)cccc2)O)C,0.0
CCCCNC(NS(c1ccc(N)cc1)(=O)=O)=O,1.0
OC(c1ccccc1)(C2C3CC(C=C3)C2)CCN4CCCCC4,0.0
CN1C(C2(O)C(c(c3O4)c5ccc3O)(C4C(=O)CC2)CC1)C5,0.0
OC(P(O)(O)=O)(P(O)(O)=O)Cc1cnccc1,0.0
CC(C(=Cc1ccc(S(C)(=O)=O)cc1)c(c23)ccc(F)c2)=C3CC(O)=O,1.0
CCc1c(c2ccc(Cl)cc2)c(N)nc(N)n1,0.0
NC(c1cc[n+](CC(CSC2N3C(=O)C2NC(C(S(O)(=O)=O)c4ccccc4)=O)=C3C(O)=O)cc1)=O,1.0
CN1C(C(Nc2c(C)cccc2C)=O)CCCC1,0.0
CCCCN(CCC(c1c(c2c(c3c1)cc(Cl)cc3Cl)ccc(C(F)(F)F)c2)O)CCCC,1.0
O=C(N1CC(=O)N2C(c(c3CC2)cccc3)C1)C4CCCCC4,0.0
CC(c1cc(Cl)c(N2CC=CC2)cc1)C(O)=O,1.0
OCCOCCN1CCN(C(c(c2Sc(c34)cccc3)cccc2)=N4)CC1,1.0
Fc1ccc(C(c2ccc(F)cc2)N3CCN(c4nc(NCC=C)nc(NCC=C)n4)CC3)cc1,1.0
CCOC(c1n(C(c2ccccc2)C)cnc1)=O,0.0
CCOC(C(C(c1c(Cl)c(Cl)ccc1)C(C(OC)=O)=C(C)N2)=C2C)=O,0.0
CC(SC1C(C2C(C)(C(=C3)C1)CCC3=O)C4C(C5(OC(=O)CC5)CC4)(C)CC2)=O,1.0
CCC(C(c1ccccc1)(c2ccccc2)CC(N(C)C)C)=O,1.0
CCCCS(NC(C(O)=O)Cc1ccc(OCCCCC2CCNCC2)cc1)(=O)=O,0.0
COC(C(C(c1cc([N+](=O)[O-])ccc1)C(C(OC(C)C)=O)=C(C)N2)=C2C#N)=O,1.0
OCC=C,1.0
OC(c1c(O)ccc(c2c(F)cc(F)cc2)c1)=O,1.0
CC(CC(C1(c2ccc(Cl)cc2)CCC1)N(C)C)C,1.0
CCC(OC(c1ccccc1)(C(CN(C)C)C)Cc2ccccc2)=O,1.0
CCOC(C(NC(C(N1C(C(O)=O)Cc(c2C1)cccc2)=O)C)CCc3ccccc3)=O,1.0
CNC1Cc(c2CC1)c(c3[nH]2)cc(C(N)=O)cc3,0.0
CCCCOc1c(N)ccc(C(OCCN(CC)CC)=O)c1,0.0
CCCCNc1ccc(C(OCCN(C)C)=O)cc1,0.0
CCCCCCCCCCCCCCCCCCCCCCO,0.0
Cc1c(C)cc(c2c1)N(CC(C(C(CO)O)O)O)C(C3=N2)=NC(=O)NC3=O,0.0
O=C1c(c2C(=O)C1c3ccccc3)cccc2,1.0
NCC1(CCCCC1)CC(O)=O,0.0
Oc1ccc(c2c(C(c3ccc(OCCN4CCCCC4)cc3)=O)c(c5s2)ccc(O)c5)cc1,0.0
CCC1C(=O)OCC1Cc2n(C)cnc2,0.0
CCN(C(C(c1ccccc1)CO)=O)Cc2ccncc2,0.0
Fc1ccc(C(CCCN2CC=C(N3c(c4NC3=O)cccc4)CC2)=O)cc1,0.0
OCC(C(C(C(CO)O)O)O)O,0.0
OC(CCCCCCCC(O)=O)=O,0.0
CC(C(NC(C1NC(=O)C(C(O)C)NC(=O)C(CCCCN)NC(=O)C(Cc2c(c3[nH]c2)cccc3)NC(=O)C(Cc4ccccc4)NC(=O)C(NC(C(Cc5ccccc5)N)=O)CSSC1)=O)CO)O,1.0
CON=C1C(CN)CN(c2c(F)cc(c3n2)C(=O)C(C(O)=O)=CN3C4CC4)C1,1.0
ClC=C(Cl)Cl,1.0
OC(c1c(c2nc(C(F)(F)F)c1)cccc2C(F)(F)F)C3NCCCC3,0.0
CCC(CCCCC(NC(C(NC(C(NC(C(NC1C(=O)NC(CCN)C(=O)NC(Cc2ccccc2)C(=O)NC(CC(C)C)C(=O)NC(CCN)C(=O)NC(CCN)C(=O)NC(C(O)C)C(=O)NCC1)=O)CCN)=O)C(O)C)=O)CCN)=O)C,0.0
CC(c1c(OCCN(C)C)cc(C)c(OC(C)=O)c1)C,1.0
COC(C(C(C(O)C)O)=O)C1C(OC2OC(C)C(O)C(OC3OC(C)C(O)C(OC4OC(C)C(O)C(O)(C)C4)C3)C2)C(=O)c(c5C1)c(O)c(c6c5)c(O)c(C)c(OC7OC(C)C(O)C(OC8OC(C)C(O)C(O)C8)C7)c6,1.0
ClC(C(Cl)(Cl)Cl)Cl,1.0
C[N+](C1CC(OC(C(c2sccc2)(c3sccc3)O)=O)C4)(C4C(C15)O5)C,0.0
NS(c1c(C(F)(F)F)cc2c(S(=O)(=O)NC(Cc3ccccc3)N2)c1)(=O)=O,1.0
CC(NCC(COc1c(c2ccc1)CCCC2=O)O)(C)C,0.0
OCC1C(O)C(O)C(O)C(OC2C(CO)OC(O)C(O)C2O)O1,0.0
CCOCCn1c(c2nc1N3CCN(C)CCC3)cccc2,1.0
CCN(CCNC(c1c(OC)cc(N)c(Cl)c1)=O)CC,1.0
CCN1C(=O)C(=O)N(C(NC(c2ccccc2)C(NC3C(=O)N(C34)C(C(O)=O)C(C)(C)S4)=O)=O)CC1,1.0
NCC(CCC(O)=O)=O,1.0
CC(CC(c1ccccc1)C(C(=O)c(c2O3)cccc2)=C3O)=O,0.0
OCC1C(O)C(O)C(O)C(OC2C(O)C(CO)(O)OC2CO)O1,0.0
NC(c1nnn(Cc2c(F)cccc2F)c1)=O,0.0
Cc1c(C(Nc2ccc(C(F)(F)F)cc2)=O)cno1,1.0
CN1C2C(c(c(c3[nH]c4)c4C2)ccc3)CC(C(NC5(C(=O)N(C6(O)O5)C(Cc7ccccc7)C(=O)N(C68)CCC8)C)=O)C1,0.0
ClC(C(Cl)Cl)Cl,1.0
CCOc1c(OCCNC(Cc2cc(S(N)(=O)=O)c(OC)cc2)C)cccc1,0.0
CC1(OC(C2O1)C(C3(COS(N)(=O)=O)OC2)OC(C)(C)O3)C,1.0
CCCc1n(c2c(C)n1)NC(c3c(OCC)ccc(S(N4CCN(CC)CC4)(=O)=O)c3)=NC2=O,1.0
OC(c1c(I)c(NC(CCCCC(Nc2c(I)c(C(O)=O)c(I)cc2I)=O)=O)c(I)cc1I)=O,1.0
CN(Cc1c(c2ccc1)cccc2)CC=Cc3ccccc3,0.0
COP(Oc1c(Cl)cc(Cl)c(Cl)c1)(OC)=S,1.0
Nc1ccc(S(c2ccc(N)cc2)(=O)=O)cc1,1.0
CCCCCN=C(NNC=C1c(c2N=C1)cc(CO)cc2)N,1.0
CC(NCC(COc1c(c2ccc1)CC(O)C(O)C2)O)(C)C,0.0
CCN(CCN1c(c2C(c3c(F)cccc3)=NCC1=O)ccc(Cl)c2)CC,1.0
OCC(COc1ccc(Cl)cc1)O,0.0
COCCOC(C(C(c1cc([N+](=O)[O-])ccc1)C(C(OCC=Cc2ccccc2)=O)=C(C)N3)=C3C)=O,1.0
CCC1C(O)(C)C(O)C(C)N(C)CC(C)CC(O)(C)C(OC2C(O)C(N(C)C)CC(C)O2)C(C)C(OC3OC(C)C(O)C(OC)(C)C3)C(C)C(=O)O1,0.0
CC(NC(C1C=C(C2N(C)C1)c(c(c3[nH]c4)c4C2)ccc3)=O)CO,0.0
CN(CCn1c(SCC(CSC2N3C(=O)C2NC(Cc4nc(N)sc4)=O)=C3C(O)=O)nnn1)C,1.0
OCc1c(O)ccc(C(CNCCCCCCOCCCCc2ccccc2)O)c1,0.0
Clc1ccc(CSC(c2c(Cl)cc(Cl)cc2)Cn3cncc3)cc1,0.0
CN(CCCC1(c2ccc(F)cc2)c(c3CO1)ccc(C#N)c3)C,0.0
FC(OC(C(F)(F)F)Cl)F,1.0
CCN1c(c2C(=O)C(C(O)=O)=C1)cc(N3CCNCC3)c(F)c2,1.0
CC(Cl)(Cl)Cl,1.0
Nc1scc(C(C(NC2C(=O)N(C23)C(C(O)=O)=C(C=C)CS3)=O)=NOCC(O)=O)n1,1.0
CCC1(C(C#C)(O)CC2)C2C3C(C(C(=C4)CC3)CCC4=O)CC1,0.0
ClCC(Cl)Cl,1.0
C[N+]1(CC(OC(C(c2ccccc2)(C3CCCC3)O)=O)CC1)C,0.0
CC([N+](=O)[O-])C,1.0
CNC1(C(C)(C)C(CC12)CC2)C,0.0
NC(N)=NC(Cc1c(Cl)cccc1Cl)=O,1.0
CCC1C(O)(C)C(O)C(C)C(=NOCOCCOC)C(C)CC(O)(C)C(OC2C(O)C(N(C)C)CC(C)O2)C(C)C(OC3OC(C)C(O)C(OC)(C)C3)C(C)C(=O)O1,1.0
Nc1c2c(n(C3OC(CO)C(O)C3)cn2)nc(Cl)n1,0.0
CC(c1cc(c2cc1)nc(c3ccc(Cl)cc3)o2)C(O)=O,1.0
CCCN(C(C(Nc1c(C)cccc1C)=O)CC)CC,0.0
Oc1cc(c2cc1)C3(C(O)(C4C2)CCCC3)CCN4CC5CCC5,0.0
NCC(c1ccc(Cl)cc1)CC(O)=O,1.0
OCC1C(O)CC(N2C(=O)NC(=O)C(C(F)(F)F)=C2)O1,0.0
CC1(C(C(OCc2cc(Oc3ccccc3)ccc2)=O)C1C=C(Cl)Cl)C,0.0
NC(CCC1C(=O)NC(CC(N)=O)C(=O)NC(C(N2C(C(NC(C(NCC(N)=O)=O)CCCN=C(N)N)=O)CCC2)=O)CSSCCC(=O)NC(Cc3ccc(O)cc3)C(=O)NC(Cc4ccccc4)C(=O)N1)=O,0.0
O=C1c(c(c2CCC3)C3CN1C4C(CCN5C4)CC5)ccc2,1.0
CC(CCl)Cl,1.0
c1ccncc1,1.0
Cc1c(NN=C2C(S(O)(=O)=O)=Cc(c3C2=O)cc(S(O)(=O)=O)cc3N)ccc(c4cc(C)c(NN=C5C(S(O)(=O)=O)=Cc(c6C5=O)cc(S(O)(=O)=O)cc6N)cc4)c1,0.0
O=C1N(c2ccccc2)N(c3ccccc3)C(=O)C1CCS(c4ccccc4)=O,0.0
NS(c1c(Oc2ccccc2)c(N3CCCC3)cc(C(O)=O)c1)(=O)=O,1.0
COC(Nc1[nH]c(c2n1)cc(C(c3ccccc3)=O)cc2)=O,1.0
COC1C(C)C(OC(C)=O)C(C)C(O)C(C)C(O)C(C)C=CC=C(C)C(=O)NC(C(C(c(c(C(=O)C2(C)OC=C1)c3O2)c4c(O)c3C)=O)=CNN5CCN(C6CCCC6)CC5)=C4O,1.0
O=C(N1C(c2ccccc2)c(c3CC1)cccc3)OC4C(CCN5C4)CC5,0.0
CN1CCN(C(c2ccc(Cl)cc2)c3ccccc3)CC1,0.0
CCBr,1.0
Cc1c(C(NC2C(=O)N(C23)C(C(O)=O)C(C)(C)S3)=O)c(c4c(Cl)cccc4)no1,1.0
CN1CCN(CCCN2c(c3Sc(c24)cccc4)cc(Cl)cc3)CC1,1.0
FC(C(Br)Cl)(F)F,1.0
CCN(CCOC(c1c(Cl)cc(N)cc1)=O)CC,0.0
CC1C(C)C(O)C(C)C=CC=CC=CC=CC=CC=CC=CC(OC2C(O)C(N)C(O)C(C)O2)CC(OC3(O)CC(O)CC(O)C(O)CCC(O)CC(O)CC(=O)O1)C(C(O)=O)C(O)C3,1.0
NC(C(O)=O)CCCN=C(N)N,0.0
CN1S(=O)(=O)c(c2NC1CCl)cc(S(N)(=O)=O)c(Cl)c2,0.0
Cc1sc(SCC(CSC2N3C(=O)C2NC(Cn4nnnc4)=O)=C3C(O)=O)nn1,1.0
OCCN(c1c(I)c(C(NCC(CO)O)=O)c(I)c(C(NCC(CO)O)=O)c1I)C(CO)=O,0.0
CCCCC(C1(OC(C2CC1)CC(=O)C2CCCCCCC(O)=O)O)(F)F,0.0
CC(N1CC(=O)NC(=O)C1)CN2CC(=O)NC(=O)C2,1.0
CC(Oc1c(C(Nc2sc([N+](=O)[O-])cn2)=O)cccc1)=O,1.0
CCCC1OC(C(CO)=O)(C2O1)C(C)(C3C2)CC(O)C(C34)C(C)(C(=C5)CC4)C=CC5=O,0.0
COc1cc(c2cc1)n(CC(O)=O)c(C)c2C(c3ccc(Cl)cc3)=O,1.0
O=C1N=C(C2=C(c3ccccc3)NC1)SC4=C2CCCC4,1.0
O=C1NC(=O)N(N=Cc2ccc([N+](=O)[O-])o2)C1,1.0
[O-][N+](OCC(O[N+](=O)[O-])CO[N+](=O)[O-])=O,0.0
CCCC(C(OC1CC([N+](C)(C)C2C1)CC2)=O)CCC,0.0
NC(N=CN(C1OC(CO)C(O)C1)C2=O)=N2,1.0
CC(C(O)=O)CN(c1c(I)c(N)c(I)cc1I)C(C)=O,0.0
O=C1N(N=Cc2ccc([N+](=O)[O-])o2)CCO1,1.0
Nc1c(C(c2ccc(Br)cc2)=O)cccc1CC(O)=O,1.0
CCC1C(=O)N(C)CC(=O)N(C)C(CC(C)C)C(=O)NC(C(C)C)C(=O)N(C)C(CC(C)C)C(=O)NC(C)C(=O)NC(C)C(=O)N(C)C(CC(C)C)C(=O)N(C)C(CC(C)C)C(=O)N(C)C(C(C)C)C(=O)N(C)C(C(C(CC=CC)C)O)C(=O)N1,1.0
NC(Cc1c(N)c(C(c2ccccc2)=O)ccc1)=O,0.0
CNC(c1cn(c2nc(c3c(N)n2)n(C4C(O)C(O)C(CO)O4)cn3)nc1)=O,0.0
CN1C(=O)CCS(=O)(=O)C1c2ccc(Cl)cc2,1.0
COC1C(NC(c2c(OC)cc(N)c(Cl)c2)=O)CCN(CCCOc3ccc(F)cc3)C1,0.0
OC(COCCN1CCN(C(c2ccc(Cl)cc2)c3ccccc3)CC1)=O,1.0
CC(Nc1cc2c(c(c3C2)cccc3)cc1)=O,1.0
CC1(C(C)(C2CC1)CC(O)C(F)(C23)C(C)(C(=C4)CC3)CCC4=O)O,1.0
COCCOc1c(OCCOC)cc(c2c1)c(Nc3cc(C#C)ccc3)ncn2,1.0
COC(C1(C(=O)c(c2O1)c(OC)cc(OC)c2Cl)C(C)CC3=O)=C3,1.0
CC([N+](C(C)C)(CCC(c1ccccc1)(c2ccccc2)C(N)=O)C)C,0.0
CC(N=C(N1C2=O)C(O)CCC1)=C2CCN3CCC(c4c(c5on4)ccc(F)c5)CC3,0.0
CCOC(CCCCCCCCC(c1c(I)cccc1)C)=O,0.0
OCC(NC1C(O)C(O)C(O)C(CO)(O)C1)CO,1.0
CC(c1c(CCC(c2cc(C=Cc3nc(c4cc3)cc(Cl)cc4)ccc2)SCC5(CC5)CC(O)=O)cccc1)(O)C,0.0
Nc1cc(C(O)=O)c(O)cc1,1.0
CCc1c(c2nc(c13)C(N4C3)=CC5=C(COC(=O)C5(CC)O)C4=O)cc(OC(N6CCC(N7CCCCC7)CC6)=O)cc2,1.0
CC(OCC(C1(C(C)(C2C3)CC(O)C(F)(C24)C(C)(C(=C5)CC4)C=CC5=O)C3OC6(CCCC6)O1)=O)=O,0.0
CCCCCOC(NC(C(F)=CN(C1C(O)C(O)C(C)O1)C2=O)=N2)=O,1.0
CC(NC(NS(c1c(Nc2cc(C)ccc2)ccnc1)(=O)=O)=O)C,0.0
CC1(C(C(O)=O)N(C2S1)C(=O)C2NC(C3(CCCCC3)N)=O)C,0.0
COc1c(OC)cc(Cc2c(c3ccn2)cc(OC)c(OC)c3)cc1,1.0
C[N+](CC(O)=O)(C)C,0.0
CC(C(C1C(CC2C(O)C(O)C(CC(C)=CC(OCCCCCCCCC(O)=O)=O)OC2)O1)C)O,0.0
CN(C1CCC2)C2CC(NC(c3c(c4n(C)n3)cccc4)=O)C1,1.0
c1cc(c2cc1)nc(c3ncsc3)[nH]2,1.0
CCC1C(O)(C)C(O)C(C)C(=O)C(C)CC(O)(C)C(OC2C(O)C(N(C)C)CC(C)O2)C(C)C(OC3OC(C)C(O)C(OC)(C)C3)C(C)C(=O)O1,1.0
OC(C1c2n(c(C(c3ccccc3)=O)cc2)CC1)=O,1.0
CN1C(=O)c(c2N(C)C1=O)[nH]c(Br)n2,0.0
CN1CCC(=C2c(c3CCc(c24)cccc4)nccc3)CC1,1.0
CC(C(=Cc1ccc(S(C)=O)cc1)c(c23)ccc(F)c2)=C3CC(O)=O,1.0
CCOc1ccc(NC(C)=O)cc1,1.0
NC(CCCNC(c1ccc(Cl)cc1)=C2C(=O)C=CC(F)=C2)=O,1.0
NC(N=CN(C1C(O)C(O)C(CO)O1)C2=O)=N2,1.0
CCCCCOc1ccc(c2ccc(c3ccc(C(NC4C(=O)NC(C(O)C)C(=O)N(C5C(=O)NC(C(C(c6ccc(O)cc6)O)O)C(=O)NC(C(O)C)C(=O)N(C7C(=O)NC(O)C(O)C4)CC(C)C7O)CC(O)C5)=O)cc3)cc2)cc1,1.0
CON=C(c1nc(N)sc1)C(NC2C(=O)N(C23)C(C(OCOC(C(C)(C)C)=O)=O)=C(C=Cc4c(C)ncs4)CS3)=O,1.0
CCC(c1cc(O)ccc1)C(CN(C)C)C,1.0
OC(CCC(c1ccc(c2ccccc2)cc1)=O)=O,1.0
CCN1C(=O)C(c2ccccc2)(c3ccccc3)C(CCN4CCOCC4)C1,1.0
C1C2CC(c(c23)cc(c4c3)nccn4)CN1,0.0
CC(N(CC#C)C)Cc1ccccc1,0.0
CC(OC1C(C)(C2CC1)CCC(C23)C(C)(C4CC3)C(C)=CC(=O)C4)=O,1.0
CC(CCCC(CCCC(CCCC(C)=CCC(C(=O)c(c1C2=O)cccc1)=C2C)C)C)C,0.0
CC(Cc1ccccc1)N,0.0
CC(C1C(=O)N(C12)C(C(O)=O)=C(SC3CC(C(N(C)C)=O)NC3)C2C)O,1.0
C=CCOC=O,1.0
CCNC(CCCC=CCC1C(C=CC(CCc2ccccc2)O)C(O)CC1O)=O,1.0
OC(CN(CC(O)=O)CCN(CC(O)=O)CC(O)=O)=O,0.0
CC(C(O)=O)(NN)Cc1cc(O)c(O)cc1,1.0
CCCCCC(CCC1C(C2CC1O)Cc3c(c(OCC(O)=O)ccc3)C2)O,0.0
Cc1c(C)cc(S(O)(=O)=O)cc1,1.0
Oc1c(Cc2c(Cl)c(Cl)cc(Cl)c2O)c(Cl)c(Cl)cc1Cl,1.0
BrC(Br)Br,1.0
CC(Nc1sc(S(N)(=O)=O)nn1)=O,1.0
NCCC(P(O)(O)=O)(P(O)(O)=O)O,0.0
CCCc1c(c2n(C)n1)NC(c3c(OCC)ccc(S(N4CCN(C)CC4)(=O)=O)c3)=NC2=O,1.0
Cc1c(c(c2c3c(c(c4cc3)cccc4)c5)c5cc1)CC2,1.0
CC(c1c(C=CC(CC(CC(O)=O)O)O)c(c2ccc(F)cc2)nc(N(S(C)(=O)=O)C)n1)C,1.0
CCC(c1ccc(C(NC(C(O)=O)CCC(O)=O)=O)cc1)Cc2nc(c3nc2)c(N)nc(N)n3,1.0
CCN1C(CNC(c2c(OC)ccc(S(N)(=O)=O)c2)=O)CCC1,1.0
CN1C(=O)c(c2N(C)C1=O)n(CC(CO)O)cn2,0.0
Cc1cc(CC(O)=O)c(Nc2c(Cl)cccc2F)cc1,1.0
CCCCNC(NS(c1ccc(C)cc1)(=O)=O)=O,1.0
CC(NCC(COc1c(c2ccc1)CCC(=O)N2)O)(C)C,0.0
CCC(c1ccc(O)cc1)=C(c2ccc(O)cc2)CC,1.0
CC(Nc1ccc(C=NNC(N)=S)cc1)=O,1.0
CN1CCC(=C2c(c3C(=O)Cc(c24)cccc4)ccs3)CC1,0.0
CN1CCN(C(c(c2Oc(c34)cccc3)cc(Cl)cc2)=N4)CC1,1.0
CN1CCN(C(Nc(c23)cc(Cl)cc2)=C4C(=N3)C=CC=C4)CC1,1.0
CN(C(NC1C(O)C(O)C(CO)OC1O)=O)N=O,1.0
NCCNCCNCCN,1.0
Cc1nc(c2c(C)n1)N(Cc3ccc(c4c(c5n[nH]nn5)cccc4)cc3)C(=O)CC2,1.0
CC(NCc1c(I)c(C(O)=O)c(I)c(NC(C)=O)c1I)=O,0.0
CCOC(c1c2n(c(c3C(=O)N(C)C2)ccc(F)c3)cn1)=O,0.0
Cn1c(Sc2c(c3ncn2)[nH]cn3)c([N+]([O-])=O)nc1,1.0
NC(N1c(c2C(=O)Cc(c13)cccc3)cccc2)=O,1.0
CN(C1C(=O)C(=C(O)N)C(=O)C(O)(C12)C(=O)C(C3C2)=C(O)c(c4C3)c(O)c(NC(CNC(C)(C)C)=O)cc4N(C)C)C,1.0
CCCCCCCCNC(C(c1ccc(SC(C)C)cc1)O)C,1.0
CNC(NCCSCc1nc(CN(C)C)sc1)=C[N+](=O)[O-],1.0
CCN1c(c2C(=O)C(C(O)=O)=C1)nc(C)cc2,0.0
CCN1C(=O)C(=O)N(C(NC(c2ccc(O)cc2)C(NC3C(=O)N(C34)C(C(O)=O)=C(CSc5n(C)nnn5)CS4)=O)=O)CC1,0.0
CC(N(C(C)C)CCC(c1c(OC(C(C)C)=O)ccc(CO)c1)c2ccccc2)C,0.0
CC(C1C(=O)N(C2C(=O)N(C)CC(=O)N(C)C(C(C)C)C(=O)OC(C)C(NC(C(C(C3=C(C)C4=O)=Nc(c5O3)c(C(NC6C(=O)NC(C(C)C)C(=O)N(C7C(=O)N(C)CC(=O)N(C)C(C(C)C)C(=O)OC6C)CCC7)=O)ccc5C)=C4N)=O)C(=O)N1)CCC2)C,1.0
CC([N+](C(C)C)(CCOC(C1c(c2Oc(c13)cccc3)cccc2)=O)C)C,0.0
CCC(C1C(=O)NC(C(O)C)C(=O)NC(CC(N)=O)C(=O)NC(C(N2C(C(NC(C(NCC(N)=O)=O)CC(C)C)=O)CCC2)=O)CSSCC(N)C(=O)NC(Cc3ccc(O)cc3)C(=O)N1)C,0.0
CCN(CCNC(c1ccc(N)cc1)=O)CC,1.0
CCCCCC(C=CC1C(C2CC1O)CC(=CCCCC(O)=O)O2)O,0.0
CN1Cc(c2C(c3ccccc3)C1)c(N)ccc2,1.0
CCN(C(SSC(N(CC)CC)=S)=S)CC,1.0
NC(c1ccccc1)C(NC2C(=O)N(C23)C(C(O)=O)=C(Cl)CC3)=O,0.0
Cc1cc(C(NNCc2ccccc2)=O)no1,1.0
CC1C(C)C(O)C(C)C=CC=CCCC=CC=CC=CC=CC(OC2C(O)C(N)C(O)C(C)O2)CC(O)C(C(O)=O)C(O)CC(=O)CC(O)C(O)CCC(O)CC(O)CC(O)CC(=O)O1,0.0
NS(c1c(Cl)cc2c(S(=O)(=O)NCN2)c1)(=O)=O,1.0
Cc1c(O)c(CN(CC(O)=O)CCN(Cc2c(COP(O)(O)=O)cnc(C)c2O)CC(O)=O)c(COP(O)(O)=O)cn1,1.0
COCCOC(C(C(c1cc([N+](=O)[O-])ccc1)C(C(OC(C)C)=O)=C(C)N2)=C2C)=O,1.0
C=Cc1ccccc1,1.0
NC(CCCl)CCCl,0.0
CN1C(=NC(C)=O)SC(S(N)(=O)=O)=N1,0.0
COCC(C(NCc1ccccc1)=O)NC(C)=O,0.0
CC[N+](Cc1c(Br)cccc1)(C)C,0.0
CN1C(=O)c(c2N(C)C1=O)n(C)cn2,0.0
CC#CCC(C(C=CC1C(C2CC1O)CC(=CCCCC(O)=O)C2)O)C,1.0
Cc1c(C(c2c(C)ccs2)=CCCN3CC(C(O)=O)CCC3)scc1,0.0
CC1(C(C)(C2CC1)CCC(C23)C(C)(C(=C4)CC3)CCC4=O)O,1.0
Cc1ccc(C(c2cc([N+]([O-])=O)c(O)c(O)c2)=O)cc1,1.0
OC(C(Cl)(Cl)Cl)O,0.0
CC(C(Nc1c(I)c(C(NC(CO)CO)=O)c(I)c(C(NC(CO)CO)=O)c1I)=O)O,0.0
CN(C1CC2)C2CC(OC(C(c3ccccc3)O)=O)C1,0.0
CN(c1c(I)c(C(NC2C(O)C(O)C(CO)OC2O)=O)c(I)c(NC(C)=O)c1I)C(C)=O,0.0
NS(c1c(Cl)ccc(C2(c(c3C(=O)N2)cccc3)O)c1)(=O)=O,0.0
CN1C(c2cnccc2)CCC1,0.0
CCOC(C(c1ccc(c2ccccc2)cc1)=O)Nc3ccc(C(O)=O)cc3,1.0
OCC1C(O)CC(N2C(=O)NC(=O)C(I)=C2)O1,1.0
CC1NC(C)CN(c2c(F)c(c3c(N)c2F)N(C4CC4)C=C(C(O)=O)C3=O)C1,1.0
Cc1ccc(N(c2cc(O)ccc2)CC(NCC3)=N3)cc1,0.0
CCN(CCCC(Nc1c(c2ncc1)ccc(Cl)c2)C)CC,0.0
CN1C(=O)n(c2N=N1)cnc2C(N)=O,0.0
COc1c(Cc2c(c3n(C)c2)cc(NC(OC4CCCC4)=O)cc3)ccc(C(NS(c5c(C)cccc5)(=O)=O)=O)c1,1.0
CC[N+](c1cc(O)ccc1)(C)C,0.0
NC(N)=NCCN1CCCCCCC1,0.0
CN(CCOC(c1c(C)cccc1)c2ccccc2)C,0.0
Clc1cc(N2CCN(CCCN3C(=O)N(C4=N3)C=CC=C4)CC2)ccc1,1.0
NC(c1nccnc1)=O,1.0
NC(n1c(c2c(C(c3sccc3)=O)c1O)ccc(Cl)c2)=O,1.0
COC(C(Cl)Cl)(F)F,1.0
COc1cc(c2c(NC(CCCN)C)c1)cccn2,0.0
CCCc1n(Cc2ccc(c3c(C(O)=O)cccc3)cc2)c(c4n1)cc(c5n(C)c(c6n5)cccc6)cc4C,0.0
ClC(Cl)=C(Cl)Cl,1.0
CCCC(C(OCC)=O)NC(C(N1C(C(O)=O)CC(C12)CCCC2)=O)C,0.0
CCC1(c2ccccc2)C(=O)NC(=O)CC1,1.0
CCC(C1C(=O)NC(CCC(N)=O)C(=O)NC(CC(N)=O)C(=O)NC(C(N2C(C(NC(C(NCC(N)=O)=O)CC(C)C)=O)CCC2)=O)CSSCC(N)C(=O)NC(Cc3ccc(O)cc3)C(=O)N1)C,0.0
NC(c1cnccc1)=O,1.0
NC(NN=Cc1ccc([N+](=O)[O-])o1)=O,0.0
OCCNCCNc1c(c2c(NCCNCCO)cc1)C(=O)c(c3C2=O)c(O)ccc3O,1.0
OCC(C(c1ccc([N+]([O-])=O)cc1)O)NC(C(Cl)Cl)=O,0.0
COc1c(OC)cc(c2c1)c(N)nc(N(CCCNC(C3OCCC3)=O)C)n2,1.0
CCOC(C(NC(C(N1C(C(O)=O)CC(C12)CCC2)=O)C)CCc3ccccc3)=O,1.0
CC(NCC(COc1ccc(CC(N)=O)cc1)O)C,0.0
CCCN(C(C1C(C(C=O)CC)C2)CC(c(c3N4C)cccc3)(C45)C1O)C25,1.0
NC(OCC(c1ccccc1)COC(N)=O)=O,1.0
COc1ccc(C(C(Cl)(Cl)Cl)c2ccc(OC)cc2)cc1,1.0
Nc1ccc(C(O)=O)cc1,0.0
CC(C(C=CC(C1C(C)(C2CC1)CCCC2=CC=C3C(=C)C(O)CC(O)C3)C)C)C,0.0
CC(CN(S(c1ccc(N)cc1)(=O)=O)CC(C(NC(OC2COCC2)=O)Cc3ccccc3)OP(O)(O)=O)C,1.0
CC(n1c(c2c(c3ccc(F)cc3)c1C=CC(CC(CC(O)=O)O)O)cccc2)C,0.0
CNCCCN1c(c2CCc(c13)cccc3)cccc2,0.0
CCNC1C(OC2C(O)C(NC)C(O)(C)CO2)C(O)C(OC3C(N)CC=C(CN)O3)C(N)C1,1.0
CNC1C(O)(C)COC(OC2C(O)C(OC3C(N)CCC(CN)O3)C(N)CC2N)C1O,0.0
CCCCC(C(NC(C(NC(C(N)=O)Cc1ccccc1)=O)CC(O)=O)=O)NC(C(NC(CNC(C(C(O)C)NC(C(Cc2ccc(OS(O)(=O)=O)cc2)N)=O)=O)=O)Cc3c(c4[nH]c3)cccc4)=O,0.0
CC=C(c1ccc(O)cc1)C(c2ccc(O)cc2)=CC,0.0
Cc1c(C(c2ccc(C(O)=O)cc2)=C)cc3c(C(C)(C)CCC3(C)C)c1,1.0
CN1CCN(C(OC2c(c3C(=O)N2c4ncc(Cl)cc4)nccn3)=O)CC1,0.0
CC(CCCC(C1C(C)(C2CC1)CCCC2=CC=C3C(=C)CCC(O)C3)C)C,0.0
COc1cc(Cc2c(C)c(c3nc2)c(N)nc(N)n3)c(OC)cc1,1.0
COc1c(Oc2c(OCCO)nc(c3ncccn3)nc2NS(c4ccc(C(C)(C)C)cc4)(=O)=O)cccc1,1.0
CCC1C(O)(C)C(C(C)C2C(C)CC(O)(C)C(OC3C(O)C(N(C)C)CC(C)O3)C(C)C(OC4OC(C)C(O)C(OC)(C)C4)C(C)C(=O)O1)OC(COCCOC)N2,1.0
CC(NCC(COc1c(C2CCCC2)cccc1)O)(C)C,0.0
NC(C(O)=O)Cc1cc(I)c(Oc2cc(I)c(O)cc2)c(I)c1,0.0
CCCCCN(CCC(P(O)(O)=O)(P(O)(O)=O)O)C,1.0
CCOC(N1CCC(=C2c(c3CCc(c24)cc(Cl)cc4)nccc3)CC1)=O,0.0
CNCCCC(c(c12)cccc1)(c(c34)cccc3)CCC24,0.0
NCC1C(O)C(O)C(O)C(OC2C(O)C(OC3C(O)C(N)C(O)C(CO)O3)C(N)CC2N)O1,0.0
NC(OC1(C#C)CCCCC1)=O,0.0
CC(C1C(C)(C2CC1)CCCC2=CC=C3C(=C)C(O)CC(O)C3)CCCC(O)(C)C,0.0
CSc1cc(c2cc1)N(CCC3N(C)CCCC3)c(c4S2)cccc4,1.0
Oc1c(c(C(C(O)(C2C3)CCC4=O)(C45)CCN2CC6CC6)c3cc1)O5,1.0
CNCCC(c1ccccc1)Oc2ccc(C(F)(F)F)cc2,0.0
COc1ccc(CN(c2ncccc2)CCN(C)C)cc1,0.0
CC(C=NN=C(N)N)=NN=C(N)N,1.0
CCOC(C(C(c1c(C=CC(OC(C)(C)C)=O)cccc1)C(C(OCC)=O)=C(C)N2)=C2C)=O,1.0
CNCCC=C1c(c2CCc(c13)cccc3)cccc2,1.0
CC1(OC(C(CO)=O)(C2O1)C(C)(C3C2)CC(O)C(F)(C34)C(C)(C(=C5)C(F)C4)C=CC5=O)C,0.0
CC(C(OCOP(OCOC(C(C)(C)C)=O)(COCCn1c(c2nc1)ncnc2N)=O)=O)(C)C,1.0
Clc1cc2c(n(c3CN=C2c4ccccc4)cnn3)cc1,0.0
CC(NCC(COc1ccc(CCOCC2CC2)cc1)O)C,0.0
CC(CC(c1ccc([N+]([O-])=O)cc1)C(C(=O)c(c2O3)cccc2)=C3O)=O,1.0
CC(OCP(O)(O)=O)Cn1c(c2nc1)ncnc2N,1.0
CN(C(Oc1cc(C(CNC(C)(C)C)O)cc(OC(N(C)C)=O)c1)=O)C,0.0
ClCCNC(N(N=O)CCCl)=O,1.0
CCN(CCOCCOC(C1(c2ccccc2)CCCC1)=O)CC,0.0
CC(C1C(C)(C2CC1)CCCC2=CC=C3C(=C)CCC(O)C3)CCCC(O)(C)C,1.0
COc1c(OCC(CO)O)cccc1,0.0
COCCNC(CN(CC(O)=O)CCN(CC(O)=O)CCN(CC(NCCOC)=O)CC(O)=O)=O,0.0
OC(c1ccccc1)(c2ccccc2)CCCN3CCCCC3,0.0
NC(N1c(c2C=Cc(c13)cccc3)cccc2)=O,1.0
CC1C(C2(C)C(C3C1)C(O)CC(C)(C34)C(C(CO)=O)(O)CC4)=CC(=O)C=C2,1.0
CN(CCC=C1c(c2OCc(c13)cccc3)cccc2)C,1.0
CC(NCC1OC(=O)N(c2cc(F)c(N3CCOCC3)cc2)C1)=O,1.0
CC1N(c(c2cc(F)c3N4CCN(C)CC4)c3OC1)C=C(C(O)=O)C2=O,1.0
CCOC(Nc1cc(c2cc1)N(C(CCN3CCOCC3)=O)c(c4S2)cccc4)=O,1.0
NCCc1[nH]cnc1,0.0
CN(C1CC(OC(C(c2ccccc2)CO)=O)C3)C3C(C14)O4,0.0
OC(C(Nc1c(Cl)c(NC(C(O)=O)=O)cc(C#N)c1)=O)=O,0.0
CSCCC(C(NCC(NC(C(NC(C(NC(C(NC(C(N)=O)Cc1ccccc1)=O)CC(O)=O)=O)CCSC)=O)Cc2c(c3[nH]c2)cccc3)=O)=O)NC(C(NC(C(CC(O)=O)N)=O)Cc4ccc(OS(O)(=O)=O)cc4)=O,0.0
Cc1c(C(NC2C(=O)N(C23)C(C(O)=O)C(C)(C)S3)=O)c(c4c(Cl)cccc4F)no1,1.0
CC1C(O)C(N)CC(OC2c(c3CC(C(C)=O)(O)C2)c(O)c(c4c3O)C(=O)c(c5C4=O)cccc5)O1,0.0
CN(CCC(c1ncccc1)c2ccc(Cl)cc2)C,0.0
CC(N(c1c(I)c(C(NCC(CO)O)=O)c(I)c(C(NCCO)=O)c1I)CC(CO)O)=O,0.0
Fc1ccc(C(c2ccc(F)cc2)CCCN3CCC(N4c(c5NC4=O)cccc5)CC3)cc1,0.0
CC(c1cc2c(c(c3[nH]2)cc(Cl)cc3)cc1)C(O)=O,1.0
CCCCCCCC(CCC1C(CC=CCCCC(O)=O)C(O)CC1O)=O,0.0
CC1C(C(SCF)=O)(O)C(C)(C2C1)CC(O)C(F)(C23)C(C)(C(=C4)C(F)C3)C=CC4=O,0.0
ClCCCl,1.0
OS(OCCOc1c(Cl)cc(Cl)cc1)(=O)=O,1.0
NS(c1c(Cl)cc2c(S(=O)(=O)NC(C3C4CC(C=C4)C3)N2)c1)(=O)=O,0.0
NC(C(O)=O)Cc1cc(I)c(Oc2cc(I)c(O)c(I)c2)c(I)c1,0.0
COC1(C(=O)N(C12)C(C(O)=O)=C(CSc3n(C)nnn3)CO2)NC(C(c4ccc(O)cc4)C(O)=O)=O,0.0
OC1(c2ccc(Cl)cc2)c(c3C(N14)=NCC4)cccc3,0.0
CC1c(c2C(O)=C(C13)C(=O)C(O)(C4C3O)C(=O)C(=C(O)N)C(=O)C4N(C)C)cccc2O,1.0
CC1N(c(c2cc(F)c3)c3CC1)C=C(C(O)=O)C2=O,1.0
CC1(C(O)CC2)C2C3C(C(C(=C4)CC3)CCC4=O)CC1,1.0
CN1C2c(c3CC1)c(c(c4C2)c(O)c(O)cc4)ccc3,0.0
CCCCCCCCCCCCCCCCOP(OCC[N+](C)(C)C)(O)=O,1.0
CC(NCC(c1cc(CO)c(O)cc1)O)(C)C,0.0
CCC(C(=O)N(C(NCCc1ccc(S(NC(NC2CCC(C)CC2)=O)(=O)=O)cc1)=O)C3)=C3C,0.0
NCCc1cc(O)c(O)cc1,0.0
CNCCC(c1sccc1)Oc2c(c3ccc2)cccc3,1.0
CCSCCC(C(O)=O)N,0.0
